rank,buyerId,name,phone,email,website,contactLabel,contactStatus,confidence,lehighCurrentHoldings,countLots30kPlus,avgAcres30kPlus,avgPrice30kPlus,countLots50kPlus,avgAcres50kPlus,avgPrice50kPlus,sourceUrl,nextAction,notes
1,lehigh-buyer-gn1-investing-llc,GN1 INVESTING LLC,,,,Lehigh repeat vacant-lot buyer,needs-public-contact-enrichment,55,107,73,0.2436,235436.14,56,0.2429,296375.68,https://www.bizprofile.net/fl/lehigh-acres/gn1-investing-llc | https://search.sunbiz.org/Inquiry/CorporationSearch/SearchResults/EntityName/GN1%20INVESTING%20LLC/Page1,Pull Lee Clerk deed/Sunbiz filing or direct-mail recorded address; do not guess phone/email.,"Lee County/GeoView public-record repeat buyer. Current Lehigh holdings: 107. 30k+ lots: 73, avg acres 0.2436, avg price $235436.14. 50k+ lots: 56, avg acres 0.2429, avg price $296375.68. Package caution: possible package-repeat in examples."
2,lehigh-buyer-wei-song-realty-investment-llc,WEI SONG REALTY INVESTMENT LLC,,,,Lehigh repeat vacant-lot buyer,needs-public-contact-enrichment,55,126,67,0.2727,117817.91,42,0.2726,163928.57,https://www.bizprofile.net/fl/fort-myers/wei-song-realty-investment | https://search.sunbiz.org/Inquiry/CorporationSearch/SearchResults/EntityName/WEI%20SONG%20REALTY%20INVESTMENT%20LLC/Page1,Pull Lee Clerk deed/Sunbiz filing or direct-mail recorded address; do not guess phone/email.,"Lee County/GeoView public-record repeat buyer. Current Lehigh holdings: 126. 30k+ lots: 67, avg acres 0.2727, avg price $117817.91. 50k+ lots: 42, avg acres 0.2726, avg price $163928.57. Package caution: possible package-repeat in examples."
3,lehigh-buyer-d-r-horton-inc,D R HORTON INC,817.390.8200,InvestorRelations@drhorton.com,https://www.drhorton.com,Lehigh repeat vacant-lot buyer,public-contact-found,85,36,32,0.2491,160281.19,25,0.251,193799.92,https://www.drhorton.com/florida/southwest-florida | https://investor.drhorton.com/resources/investor-contact,Call/email public business contact and validate Lehigh Acres vacant-lot buy box.,"Lee County/GeoView public-record repeat buyer. Current Lehigh holdings: 36. 30k+ lots: 32, avg acres 0.2491, avg price $160281.19. 50k+ lots: 25, avg acres 0.251, avg price $193799.92. Package caution: possible package-repeat in examples."
4,lehigh-buyer-sanchez-enterprise-investments,SANCHEZ ENTERPRISE INVESTMENTS,,,,Lehigh repeat vacant-lot buyer,needs-public-contact-enrichment,55,37,37,0.2532,219500.59,22,0.2509,344573.86,https://www.bizprofile.net/fl/naples/sanchez-enterprise-investments-llc | https://search.sunbiz.org/Inquiry/CorporationSearch/SearchResults/EntityName/SANCHEZ%20ENTERPRISE%20INVESTMENTS/Page1,Pull Lee Clerk deed/Sunbiz filing or direct-mail recorded address; do not guess phone/email.,"Lee County/GeoView public-record repeat buyer. Current Lehigh holdings: 37. 30k+ lots: 37, avg acres 0.2532, avg price $219500.59. 50k+ lots: 22, avg acres 0.2509, avg price $344573.86. Package caution: possible package-repeat in examples."
5,lehigh-buyer-inversion-en-florida-usa-inc,INVERSION EN FLORIDA USA INC,,,,Lehigh repeat vacant-lot buyer,needs-public-contact-enrichment,55,26,27,0.2618,89037.04,22,0.261,100409.09,https://www.flcompanyregistry.com/companies/inversion-en-florida-usa-inc | https://search.sunbiz.org/Inquiry/CorporationSearch/SearchResults/EntityName/INVERSION%20EN%20FLORIDA%20USA%20INC/Page1,Pull Lee Clerk deed/Sunbiz filing or direct-mail recorded address; do not guess phone/email.,"Lee County/GeoView public-record repeat buyer. Current Lehigh holdings: 26. 30k+ lots: 27, avg acres 0.2618, avg price $89037.04. 50k+ lots: 22, avg acres 0.261, avg price $100409.09. Package caution: possible package-repeat in examples."
6,lehigh-buyer-marmelo-llc,MARMELO LLC,,,,Lehigh repeat vacant-lot buyer,needs-public-contact-enrichment,55,14,22,0.2474,396347.27,22,0.2474,396347.27,https://search.sunbiz.org/Inquiry/CorporationSearch/SearchResults/EntityName/MARMELO%20LLC/Page1,Pull Lee Clerk deed/Sunbiz filing or direct-mail recorded address; do not guess phone/email.,"Lee County/GeoView public-record repeat buyer. Current Lehigh holdings: 14. 30k+ lots: 22, avg acres 0.2474, avg price $396347.27. 50k+ lots: 22, avg acres 0.2474, avg price $396347.27. Package caution: possible package-repeat in examples."
7,lehigh-buyer-franco-zegada-llc,FRANCO & ZEGADA LLC,,,,Lehigh repeat vacant-lot buyer,needs-public-contact-enrichment,55,54,20,0.2353,130000.0,20,0.2353,130000.0,https://www.bizprofile.net/fl/naples/franco-zegada-llc | https://search.sunbiz.org/Inquiry/CorporationSearch/SearchResults/EntityName/FRANCO%20%26%20ZEGADA%20LLC/Page1,Pull Lee Clerk deed/Sunbiz filing or direct-mail recorded address; do not guess phone/email.,"Lee County/GeoView public-record repeat buyer. Current Lehigh holdings: 54. 30k+ lots: 20, avg acres 0.2353, avg price $130000.0. 50k+ lots: 20, avg acres 0.2353, avg price $130000.0. Package caution: possible package-repeat in examples."
8,lehigh-buyer-raccah-holdings-llc,RACCAH HOLDINGS LLC,,,,Lehigh repeat vacant-lot buyer,needs-public-contact-enrichment,55,29,23,0.243,69213.04,18,0.2419,75188.89,https://www.bizprofile.net/fl/aventura/raccah-holdings-llc | https://search.sunbiz.org/Inquiry/CorporationSearch/SearchResults/EntityName/RACCAH%20HOLDINGS%20LLC/Page1,Pull Lee Clerk deed/Sunbiz filing or direct-mail recorded address; do not guess phone/email.,"Lee County/GeoView public-record repeat buyer. Current Lehigh holdings: 29. 30k+ lots: 23, avg acres 0.243, avg price $69213.04. 50k+ lots: 18, avg acres 0.2419, avg price $75188.89. Package caution: possible package-repeat in examples."
9,lehigh-buyer-triple-dong-investment-llc,TRIPLE DONG INVESTMENT LLC,,,,Lehigh repeat vacant-lot buyer,needs-public-contact-enrichment,55,28,20,0.2832,68475.0,16,0.2874,75218.75,https://www.bizapedia.com/fl/triple-dong-investment-llc.html | https://www.bizprofile.net/fl/fort-myers/triple-dong-investment-llc,Pull Lee Clerk deed/Sunbiz filing or direct-mail recorded address; do not guess phone/email.,"Lee County/GeoView public-record repeat buyer. Current Lehigh holdings: 28. 30k+ lots: 20, avg acres 0.2832, avg price $68475.0. 50k+ lots: 16, avg acres 0.2874, avg price $75218.75. Package caution: possible package-repeat in examples."
10,lehigh-buyer-jaj-dong-homes-inc,JAJ DONG HOMES INC,239-770-7720,jajdonghomes@gmail.com,https://jajdonghomesinc.com/,Lehigh repeat vacant-lot buyer,public-contact-found,85,287,24,0.2791,90340.67,15,0.2798,118294.6,https://jajdonghomesinc.com/ | https://www.buildzoom.com/contractor/jaj-dong-homes-inc | https://www.bizapedia.com/fl/jaj-dong-homes-inc.html,Call/email public business contact and validate Lehigh Acres vacant-lot buy box.,"Lee County/GeoView public-record repeat buyer. Current Lehigh holdings: 287. 30k+ lots: 24, avg acres 0.2791, avg price $90340.67. 50k+ lots: 15, avg acres 0.2798, avg price $118294.6. Package caution: possible package-repeat in examples."
11,lehigh-buyer-dgi-development-llc,DGI DEVELOPMENT LLC,,,,Lehigh repeat vacant-lot buyer,needs-public-contact-enrichment,55,50,22,0.2547,132272.73,15,0.2574,176466.67,https://www.bizapedia.com/fl/dgi-development-llc.html | https://www.bizprofile.net/fl/miami-gardens/dgi-development-llc,Pull Lee Clerk deed/Sunbiz filing or direct-mail recorded address; do not guess phone/email.,"Lee County/GeoView public-record repeat buyer. Current Lehigh holdings: 50. 30k+ lots: 22, avg acres 0.2547, avg price $132272.73. 50k+ lots: 15, avg acres 0.2574, avg price $176466.67. Package caution: possible package-repeat in examples."
12,lehigh-buyer-cardin-sons-group-llc,CARDIN & SONS GROUP LLC,,,,Lehigh repeat vacant-lot buyer,needs-public-contact-enrichment,55,9,14,0.2659,124785.71,14,0.2659,124785.71,Lee County Property Appraiser / GeoView source export; local artifact rollup,Pull Lee Clerk deed/Sunbiz filing or direct-mail recorded address; do not guess phone/email.,"Lee County/GeoView public-record repeat buyer. Current Lehigh holdings: 9. 30k+ lots: 14, avg acres 0.2659, avg price $124785.71. 50k+ lots: 14, avg acres 0.2659, avg price $124785.71. Package caution: possible package-repeat in examples."
13,lehigh-buyer-usa-best-development-llc,USA BEST DEVELOPMENT LLC,,,,Lehigh repeat vacant-lot buyer,needs-public-contact-enrichment,55,16,17,0.2525,207558.82,11,0.2498,301781.82,https://www.bizprofile.net/fl/hollywood/usa-best-development-llc,Pull Lee Clerk deed/Sunbiz filing or direct-mail recorded address; do not guess phone/email.,"Lee County/GeoView public-record repeat buyer. Current Lehigh holdings: 16. 30k+ lots: 17, avg acres 0.2525, avg price $207558.82. 50k+ lots: 11, avg acres 0.2498, avg price $301781.82. Package caution: possible package-repeat in examples."
14,lehigh-buyer-new-capital-solutions-llc,NEW CAPITAL SOLUTIONS LLC,,,,Lehigh repeat vacant-lot buyer,needs-public-contact-enrichment,55,6,13,0.2341,249961.54,11,0.2349,288045.45,Lee County Property Appraiser / GeoView source export; local artifact rollup,Pull Lee Clerk deed/Sunbiz filing or direct-mail recorded address; do not guess phone/email.,"Lee County/GeoView public-record repeat buyer. Current Lehigh holdings: 6. 30k+ lots: 13, avg acres 0.2341, avg price $249961.54. 50k+ lots: 11, avg acres 0.2349, avg price $288045.45. Package caution: possible package-repeat in examples."
15,lehigh-buyer-zamora-investment-group-corp,ZAMORA INVESTMENT GROUP CORP,,,,Lehigh repeat vacant-lot buyer,needs-public-contact-enrichment,55,22,16,0.2551,62031.25,10,0.2443,71800.0,Lee County Property Appraiser / GeoView source export; local artifact rollup,Pull Lee Clerk deed/Sunbiz filing or direct-mail recorded address; do not guess phone/email.,"Lee County/GeoView public-record repeat buyer. Current Lehigh holdings: 22. 30k+ lots: 16, avg acres 0.2551, avg price $62031.25. 50k+ lots: 10, avg acres 0.2443, avg price $71800.0. Package caution: possible package-repeat in examples."
16,lehigh-buyer-malven-llc,MALVEN LLC,,,,Lehigh repeat vacant-lot buyer,needs-public-contact-enrichment,55,21,10,0.2337,69400.0,10,0.2337,69400.0,Lee County Property Appraiser / GeoView source export; local artifact rollup,Pull Lee Clerk deed/Sunbiz filing or direct-mail recorded address; do not guess phone/email.,"Lee County/GeoView public-record repeat buyer. Current Lehigh holdings: 21. 30k+ lots: 10, avg acres 0.2337, avg price $69400.0. 50k+ lots: 10, avg acres 0.2337, avg price $69400.0. Package caution: possible package-repeat in examples."
17,lehigh-buyer-chong-redy,CHONG REDY,,,,Lehigh repeat vacant-lot buyer,needs-public-contact-enrichment,55,6,10,0.287,147500.0,10,0.287,147500.0,Lee County Property Appraiser / GeoView source export; local artifact rollup,Pull Lee Clerk deed/Sunbiz filing or direct-mail recorded address; do not guess phone/email.,"Lee County/GeoView public-record repeat buyer. Current Lehigh holdings: 6. 30k+ lots: 10, avg acres 0.287, avg price $147500.0. 50k+ lots: 10, avg acres 0.287, avg price $147500.0. Package caution: possible package-repeat in examples."
18,lehigh-buyer-cah-swfl-land-holdings-llc,CAH SWFL LAND HOLDINGS LLC,1-855-446-9224,info@christopheralanhomes.com,https://christopheralanhomes.com/,Lehigh repeat vacant-lot buyer,public-contact-found,85,48,16,0.2513,174989.69,9,0.2606,280426.11,https://www.bizapedia.com/fl/cah-swfl-land-holdings-llc.html | https://christopheralanhomes.com/ | https://christopheralanhomes.com/sell-your-land-2/,Call/email public business contact and validate Lehigh Acres vacant-lot buy box.,"Lee County/GeoView public-record repeat buyer. Current Lehigh holdings: 48. 30k+ lots: 16, avg acres 0.2513, avg price $174989.69. 50k+ lots: 9, avg acres 0.2606, avg price $280426.11. Package caution: possible package-repeat in examples."
19,lehigh-buyer-lavb-corp,LAVB CORP,,,,Lehigh repeat vacant-lot buyer,needs-public-contact-enrichment,55,14,14,0.249,72881.43,9,0.2455,95704.44,Lee County Property Appraiser / GeoView source export; local artifact rollup,Pull Lee Clerk deed/Sunbiz filing or direct-mail recorded address; do not guess phone/email.,"Lee County/GeoView public-record repeat buyer. Current Lehigh holdings: 14. 30k+ lots: 14, avg acres 0.249, avg price $72881.43. 50k+ lots: 9, avg acres 0.2455, avg price $95704.44. Package caution: possible package-repeat in examples."
20,lehigh-buyer-mc02-properties-llc,MC02 PROPERTIES LLC,,,,Lehigh repeat vacant-lot buyer,needs-public-contact-enrichment,55,11,13,0.2395,113892.31,9,0.2439,146800.0,Lee County Property Appraiser / GeoView source export; local artifact rollup,Pull Lee Clerk deed/Sunbiz filing or direct-mail recorded address; do not guess phone/email.,"Lee County/GeoView public-record repeat buyer. Current Lehigh holdings: 11. 30k+ lots: 13, avg acres 0.2395, avg price $113892.31. 50k+ lots: 9, avg acres 0.2439, avg price $146800.0. Package caution: possible package-repeat in examples."
21,lehigh-buyer-florida-sl-llc,FLORIDA SL LLC,,,,Lehigh repeat vacant-lot buyer,needs-public-contact-enrichment,55,13,11,0.2693,147163.27,9,0.2653,169866.22,Lee County Property Appraiser / GeoView source export; local artifact rollup,Pull Lee Clerk deed/Sunbiz filing or direct-mail recorded address; do not guess phone/email.,"Lee County/GeoView public-record repeat buyer. Current Lehigh holdings: 13. 30k+ lots: 11, avg acres 0.2693, avg price $147163.27. 50k+ lots: 9, avg acres 0.2653, avg price $169866.22. Package caution: possible package-repeat in examples."
22,lehigh-buyer-royal-southwest-holdings-llc,ROYAL SOUTHWEST HOLDINGS LLC,,,,Lehigh repeat vacant-lot buyer,needs-public-contact-enrichment,55,11,11,0.241,189818.18,9,0.2433,225333.33,Lee County Property Appraiser / GeoView source export; local artifact rollup,Pull Lee Clerk deed/Sunbiz filing or direct-mail recorded address; do not guess phone/email.,"Lee County/GeoView public-record repeat buyer. Current Lehigh holdings: 11. 30k+ lots: 11, avg acres 0.241, avg price $189818.18. 50k+ lots: 9, avg acres 0.2433, avg price $225333.33. Package caution: possible package-repeat in examples."
23,lehigh-buyer-aldana-development-llc,ALDANA DEVELOPMENT LLC,,,,Lehigh repeat vacant-lot buyer,needs-public-contact-enrichment,55,50,9,0.2582,161100.0,9,0.2582,161100.0,Lee County Property Appraiser / GeoView source export; local artifact rollup,Pull Lee Clerk deed/Sunbiz filing or direct-mail recorded address; do not guess phone/email.,"Lee County/GeoView public-record repeat buyer. Current Lehigh holdings: 50. 30k+ lots: 9, avg acres 0.2582, avg price $161100.0. 50k+ lots: 9, avg acres 0.2582, avg price $161100.0. Package caution: possible package-repeat in examples."
24,lehigh-buyer-capital-square-investment-llc,CAPITAL SQUARE INVESTMENT LLC,,,,Lehigh repeat vacant-lot buyer,needs-public-contact-enrichment,55,11,9,0.25,2000000.0,9,0.25,2000000.0,https://www.bizprofile.net/fl/fort-myers/capital-square-investment-llc | https://www.bizapedia.com/fl/capital-square-investment-llc.html | https://sfranalytics.com/investors/fl/cape-coral-fort-myers-fl/capital-square-investment-llc-fl,Pull Lee Clerk deed/Sunbiz filing or direct-mail recorded address; do not guess phone/email.,"Lee County/GeoView public-record repeat buyer. Current Lehigh holdings: 11. 30k+ lots: 9, avg acres 0.25, avg price $2000000.0. 50k+ lots: 9, avg acres 0.25, avg price $2000000.0. Package caution: possible package-repeat in examples."
25,lehigh-buyer-racah-holdings-llc,RACAH HOLDINGS LLC,,,,Lehigh repeat vacant-lot buyer,needs-public-contact-enrichment,55,9,9,0.2338,138500.0,9,0.2338,138500.0,Lee County Property Appraiser / GeoView source export; local artifact rollup,Pull Lee Clerk deed/Sunbiz filing or direct-mail recorded address; do not guess phone/email.,"Lee County/GeoView public-record repeat buyer. Current Lehigh holdings: 9. 30k+ lots: 9, avg acres 0.2338, avg price $138500.0. 50k+ lots: 9, avg acres 0.2338, avg price $138500.0. Package caution: possible package-repeat in examples."
26,lehigh-buyer-navi-group-llc,NAVI GROUP LLC,,,,Lehigh repeat vacant-lot buyer,needs-public-contact-enrichment,55,27,10,0.2525,118180.0,8,0.254,139225.0,https://www.bizprofile.net/fl/doral/navi-group-llc | https://sfranalytics.com/investors/fl/cape-coral-fort-myers-fl/navi-group-llc-fl,Pull Lee Clerk deed/Sunbiz filing or direct-mail recorded address; do not guess phone/email.,"Lee County/GeoView public-record repeat buyer. Current Lehigh holdings: 27. 30k+ lots: 10, avg acres 0.2525, avg price $118180.0. 50k+ lots: 8, avg acres 0.254, avg price $139225.0. Package caution: possible package-repeat in examples."
27,lehigh-buyer-cah-swfl-land-holdings-llc,CAH-SWFL LAND HOLDINGS LLC,,,,Lehigh repeat vacant-lot buyer,needs-public-contact-enrichment,55,16,8,0.25,90737.5,8,0.25,90737.5,Lee County Property Appraiser / GeoView source export; local artifact rollup,Pull Lee Clerk deed/Sunbiz filing or direct-mail recorded address; do not guess phone/email.,"Lee County/GeoView public-record repeat buyer. Current Lehigh holdings: 16. 30k+ lots: 8, avg acres 0.25, avg price $90737.5. 50k+ lots: 8, avg acres 0.25, avg price $90737.5. Package caution: possible package-repeat in examples."
28,lehigh-buyer-ahmadi-abdalrahim-m-tr,AHMADI ABDALRAHIM M TR,,,,Lehigh repeat vacant-lot buyer,needs-public-contact-enrichment,55,13,8,0.2763,233750.0,8,0.2763,233750.0,Lee County Property Appraiser / GeoView source export; local artifact rollup,Pull Lee Clerk deed/Sunbiz filing or direct-mail recorded address; do not guess phone/email.,"Lee County/GeoView public-record repeat buyer. Current Lehigh holdings: 13. 30k+ lots: 8, avg acres 0.2763, avg price $233750.0. 50k+ lots: 8, avg acres 0.2763, avg price $233750.0. Package caution: possible package-repeat in examples."
29,lehigh-buyer-inspired-estate-llc,INSPIRED ESTATE LLC,,,,Lehigh repeat vacant-lot buyer,needs-public-contact-enrichment,55,8,8,0.244,165000.0,8,0.244,165000.0,Lee County Property Appraiser / GeoView source export; local artifact rollup,Pull Lee Clerk deed/Sunbiz filing or direct-mail recorded address; do not guess phone/email.,"Lee County/GeoView public-record repeat buyer. Current Lehigh holdings: 8. 30k+ lots: 8, avg acres 0.244, avg price $165000.0. 50k+ lots: 8, avg acres 0.244, avg price $165000.0. Package caution: possible package-repeat in examples."
30,lehigh-buyer-stone-mountain-properties-llc,STONE MOUNTAIN PROPERTIES LLC,,,,Lehigh repeat vacant-lot buyer,needs-public-contact-enrichment,55,8,8,0.2296,165000.0,8,0.2296,165000.0,Lee County Property Appraiser / GeoView source export; local artifact rollup,Pull Lee Clerk deed/Sunbiz filing or direct-mail recorded address; do not guess phone/email.,"Lee County/GeoView public-record repeat buyer. Current Lehigh holdings: 8. 30k+ lots: 8, avg acres 0.2296, avg price $165000.0. 50k+ lots: 8, avg acres 0.2296, avg price $165000.0. Package caution: possible package-repeat in examples."
31,lehigh-buyer-riolindo1943-llc,RIOLINDO1943 LLC,,,,Lehigh repeat vacant-lot buyer,needs-public-contact-enrichment,55,52,9,0.2612,118888.89,7,0.262,141428.57,Lee County Property Appraiser / GeoView source export; local artifact rollup,Pull Lee Clerk deed/Sunbiz filing or direct-mail recorded address; do not guess phone/email.,"Lee County/GeoView public-record repeat buyer. Current Lehigh holdings: 52. 30k+ lots: 9, avg acres 0.2612, avg price $118888.89. 50k+ lots: 7, avg acres 0.262, avg price $141428.57. Package caution: possible package-repeat in examples."
32,lehigh-buyer-lhp-investment-development-l,LHP INVESTMENT & DEVELOPMENT L,,,,Lehigh repeat vacant-lot buyer,needs-public-contact-enrichment,55,15,9,0.2413,73777.78,7,0.2332,82857.14,Lee County Property Appraiser / GeoView source export; local artifact rollup,Pull Lee Clerk deed/Sunbiz filing or direct-mail recorded address; do not guess phone/email.,"Lee County/GeoView public-record repeat buyer. Current Lehigh holdings: 15. 30k+ lots: 9, avg acres 0.2413, avg price $73777.78. 50k+ lots: 7, avg acres 0.2332, avg price $82857.14. Package caution: possible package-repeat in examples."
33,lehigh-buyer-futura-houses-llc,FUTURA HOUSES LLC,,,,Lehigh repeat vacant-lot buyer,needs-public-contact-enrichment,55,10,8,0.2489,415625.0,7,0.25,470000.0,Lee County Property Appraiser / GeoView source export; local artifact rollup,Pull Lee Clerk deed/Sunbiz filing or direct-mail recorded address; do not guess phone/email.,"Lee County/GeoView public-record repeat buyer. Current Lehigh holdings: 10. 30k+ lots: 8, avg acres 0.2489, avg price $415625.0. 50k+ lots: 7, avg acres 0.25, avg price $470000.0. Package caution: possible package-repeat in examples."
34,lehigh-buyer-santarsieri-vito-emanuele,SANTARSIERI VITO EMANUELE +,,,,Lehigh repeat vacant-lot buyer,needs-public-contact-enrichment,55,12,7,0.2383,237500.0,7,0.2383,237500.0,Lee County Property Appraiser / GeoView source export; local artifact rollup,Pull Lee Clerk deed/Sunbiz filing or direct-mail recorded address; do not guess phone/email.,"Lee County/GeoView public-record repeat buyer. Current Lehigh holdings: 12. 30k+ lots: 7, avg acres 0.2383, avg price $237500.0. 50k+ lots: 7, avg acres 0.2383, avg price $237500.0. Package caution: possible package-repeat in examples."
35,lehigh-buyer-elite-homes-holdings-llc,ELITE HOMES HOLDINGS LLC,,,,Lehigh repeat vacant-lot buyer,needs-public-contact-enrichment,55,8,7,0.236,167000.0,7,0.236,167000.0,Lee County Property Appraiser / GeoView source export; local artifact rollup,Pull Lee Clerk deed/Sunbiz filing or direct-mail recorded address; do not guess phone/email.,"Lee County/GeoView public-record repeat buyer. Current Lehigh holdings: 8. 30k+ lots: 7, avg acres 0.236, avg price $167000.0. 50k+ lots: 7, avg acres 0.236, avg price $167000.0. Package caution: possible package-repeat in examples."
36,lehigh-buyer-holiday-builders-inc,HOLIDAY BUILDERS INC,,,,Lehigh repeat vacant-lot buyer,needs-public-contact-enrichment,55,74,22,0.25,50645.45,6,0.25,87416.67,Lee County Property Appraiser / GeoView source export; local artifact rollup,Pull Lee Clerk deed/Sunbiz filing or direct-mail recorded address; do not guess phone/email.,"Lee County/GeoView public-record repeat buyer. Current Lehigh holdings: 74. 30k+ lots: 22, avg acres 0.25, avg price $50645.45. 50k+ lots: 6, avg acres 0.25, avg price $87416.67. Package caution: possible package-repeat in examples."
37,lehigh-buyer-maram-development-solutions-ll,MARAM DEVELOPMENT SOLUTIONS LL,,,,Lehigh repeat vacant-lot buyer,needs-public-contact-enrichment,55,15,16,0.2698,54281.25,6,0.2701,76333.33,Lee County Property Appraiser / GeoView source export; local artifact rollup,Pull Lee Clerk deed/Sunbiz filing or direct-mail recorded address; do not guess phone/email.,"Lee County/GeoView public-record repeat buyer. Current Lehigh holdings: 15. 30k+ lots: 16, avg acres 0.2698, avg price $54281.25. 50k+ lots: 6, avg acres 0.2701, avg price $76333.33. Package caution: possible package-repeat in examples."
38,lehigh-buyer-diamond-imperium-llc,DIAMOND IMPERIUM LLC,,,,Lehigh repeat vacant-lot buyer,needs-public-contact-enrichment,55,10,12,0.239,188918.75,6,0.2368,340979.17,Lee County Property Appraiser / GeoView source export; local artifact rollup,Pull Lee Clerk deed/Sunbiz filing or direct-mail recorded address; do not guess phone/email.,"Lee County/GeoView public-record repeat buyer. Current Lehigh holdings: 10. 30k+ lots: 12, avg acres 0.239, avg price $188918.75. 50k+ lots: 6, avg acres 0.2368, avg price $340979.17. Package caution: possible package-repeat in examples."
39,lehigh-buyer-smolkovic-jonathan,SMOLKOVIC JONATHAN,,,,Lehigh repeat vacant-lot buyer,needs-public-contact-enrichment,55,21,10,0.2565,76100.0,6,0.2438,101833.33,Lee County Property Appraiser / GeoView source export; local artifact rollup,Pull Lee Clerk deed/Sunbiz filing or direct-mail recorded address; do not guess phone/email.,"Lee County/GeoView public-record repeat buyer. Current Lehigh holdings: 21. 30k+ lots: 10, avg acres 0.2565, avg price $76100.0. 50k+ lots: 6, avg acres 0.2438, avg price $101833.33. Package caution: possible package-repeat in examples."
40,lehigh-buyer-coaston-homes-llc,COASTON HOMES LLC,,,,Lehigh repeat vacant-lot buyer,needs-public-contact-enrichment,55,60,8,0.251,167000.0,6,0.25,210333.33,Lee County Property Appraiser / GeoView source export; local artifact rollup,Pull Lee Clerk deed/Sunbiz filing or direct-mail recorded address; do not guess phone/email.,"Lee County/GeoView public-record repeat buyer. Current Lehigh holdings: 60. 30k+ lots: 8, avg acres 0.251, avg price $167000.0. 50k+ lots: 6, avg acres 0.25, avg price $210333.33. Package caution: possible package-repeat in examples."
41,lehigh-buyer-cross-country-developments-llc,CROSS COUNTRY DEVELOPMENTS LLC,,,,Lehigh repeat vacant-lot buyer,needs-public-contact-enrichment,55,18,6,0.2561,158916.67,6,0.2561,158916.67,Lee County Property Appraiser / GeoView source export; local artifact rollup,Pull Lee Clerk deed/Sunbiz filing or direct-mail recorded address; do not guess phone/email.,"Lee County/GeoView public-record repeat buyer. Current Lehigh holdings: 18. 30k+ lots: 6, avg acres 0.2561, avg price $158916.67. 50k+ lots: 6, avg acres 0.2561, avg price $158916.67. Package caution: possible package-repeat in examples."
42,lehigh-buyer-bh-malka-florida-investments-l,BH MALKA FLORIDA INVESTMENTS L,,,,Lehigh repeat vacant-lot buyer,needs-public-contact-enrichment,55,9,6,0.2344,123000.0,6,0.2344,123000.0,Lee County Property Appraiser / GeoView source export; local artifact rollup,Pull Lee Clerk deed/Sunbiz filing or direct-mail recorded address; do not guess phone/email.,"Lee County/GeoView public-record repeat buyer. Current Lehigh holdings: 9. 30k+ lots: 6, avg acres 0.2344, avg price $123000.0. 50k+ lots: 6, avg acres 0.2344, avg price $123000.0. Package caution: possible package-repeat in examples."
43,lehigh-buyer-ked-new-home-llc,KED NEW HOME LLC,,,,Lehigh repeat vacant-lot buyer,needs-public-contact-enrichment,55,8,6,0.2332,68000.0,6,0.2332,68000.0,Lee County Property Appraiser / GeoView source export; local artifact rollup,Pull Lee Clerk deed/Sunbiz filing or direct-mail recorded address; do not guess phone/email.,"Lee County/GeoView public-record repeat buyer. Current Lehigh holdings: 8. 30k+ lots: 6, avg acres 0.2332, avg price $68000.0. 50k+ lots: 6, avg acres 0.2332, avg price $68000.0. Package caution: possible package-repeat in examples."
44,lehigh-buyer-fortivus-partners-inc,FORTIVUS PARTNERS INC,,,,Lehigh repeat vacant-lot buyer,needs-public-contact-enrichment,55,8,6,0.25,62500.0,6,0.25,62500.0,Lee County Property Appraiser / GeoView source export; local artifact rollup,Pull Lee Clerk deed/Sunbiz filing or direct-mail recorded address; do not guess phone/email.,"Lee County/GeoView public-record repeat buyer. Current Lehigh holdings: 8. 30k+ lots: 6, avg acres 0.25, avg price $62500.0. 50k+ lots: 6, avg acres 0.25, avg price $62500.0. Package caution: possible package-repeat in examples."
45,lehigh-buyer-morabit-llc,MORABIT LLC,,,,Lehigh repeat vacant-lot buyer,needs-public-contact-enrichment,55,7,6,0.25,470000.0,6,0.25,470000.0,Lee County Property Appraiser / GeoView source export; local artifact rollup,Pull Lee Clerk deed/Sunbiz filing or direct-mail recorded address; do not guess phone/email.,"Lee County/GeoView public-record repeat buyer. Current Lehigh holdings: 7. 30k+ lots: 6, avg acres 0.25, avg price $470000.0. 50k+ lots: 6, avg acres 0.25, avg price $470000.0. Package caution: possible package-repeat in examples."
46,lehigh-buyer-plancher-realty-enterprise-llc,PLANCHER REALTY ENTERPRISE LLC,,,,Lehigh repeat vacant-lot buyer,needs-public-contact-enrichment,55,5,6,0.2857,65000.0,6,0.2857,65000.0,Lee County Property Appraiser / GeoView source export; local artifact rollup,Pull Lee Clerk deed/Sunbiz filing or direct-mail recorded address; do not guess phone/email.,"Lee County/GeoView public-record repeat buyer. Current Lehigh holdings: 5. 30k+ lots: 6, avg acres 0.2857, avg price $65000.0. 50k+ lots: 6, avg acres 0.2857, avg price $65000.0. Package caution: possible package-repeat in examples."
47,lehigh-buyer-noa-home-llc,NOA HOME LLC,,,,Lehigh repeat vacant-lot buyer,needs-public-contact-enrichment,55,56,13,0.2524,52942.31,5,0.2318,74200.0,Lee County Property Appraiser / GeoView source export; local artifact rollup,Pull Lee Clerk deed/Sunbiz filing or direct-mail recorded address; do not guess phone/email.,"Lee County/GeoView public-record repeat buyer. Current Lehigh holdings: 56. 30k+ lots: 13, avg acres 0.2524, avg price $52942.31. 50k+ lots: 5, avg acres 0.2318, avg price $74200.0. Package caution: possible package-repeat in examples."
48,lehigh-buyer-paradise-land-management-group,PARADISE LAND MANAGEMENT GROUP,,,,Lehigh repeat vacant-lot buyer,needs-public-contact-enrichment,55,34,10,0.2602,74250.0,5,0.2551,118200.0,Lee County Property Appraiser / GeoView source export; local artifact rollup,Pull Lee Clerk deed/Sunbiz filing or direct-mail recorded address; do not guess phone/email.,"Lee County/GeoView public-record repeat buyer. Current Lehigh holdings: 34. 30k+ lots: 10, avg acres 0.2602, avg price $74250.0. 50k+ lots: 5, avg acres 0.2551, avg price $118200.0. Package caution: possible package-repeat in examples."
49,lehigh-buyer-penton-property-group-llc,PENTON PROPERTY GROUP LLC,,,,Lehigh repeat vacant-lot buyer,needs-public-contact-enrichment,55,14,9,0.2487,208150.56,5,0.2417,343900.0,Lee County Property Appraiser / GeoView source export; local artifact rollup,Pull Lee Clerk deed/Sunbiz filing or direct-mail recorded address; do not guess phone/email.,"Lee County/GeoView public-record repeat buyer. Current Lehigh holdings: 14. 30k+ lots: 9, avg acres 0.2487, avg price $208150.56. 50k+ lots: 5, avg acres 0.2417, avg price $343900.0. Package caution: possible package-repeat in examples."
50,lehigh-buyer-gracol-usa-llc,GRACOL USA LLC,,,,Lehigh repeat vacant-lot buyer,needs-public-contact-enrichment,55,12,8,0.235,73062.5,5,0.2342,93900.0,Lee County Property Appraiser / GeoView source export; local artifact rollup,Pull Lee Clerk deed/Sunbiz filing or direct-mail recorded address; do not guess phone/email.,"Lee County/GeoView public-record repeat buyer. Current Lehigh holdings: 12. 30k+ lots: 8, avg acres 0.235, avg price $73062.5. 50k+ lots: 5, avg acres 0.2342, avg price $93900.0. Package caution: possible package-repeat in examples."
51,lehigh-buyer-mcbuilder-llc,MCBUILDER LLC,,,,Lehigh repeat vacant-lot buyer,needs-public-contact-enrichment,55,5,7,0.2831,101857.14,5,0.2766,128600.0,Lee County Property Appraiser / GeoView source export; local artifact rollup,Pull Lee Clerk deed/Sunbiz filing or direct-mail recorded address; do not guess phone/email.,"Lee County/GeoView public-record repeat buyer. Current Lehigh holdings: 5. 30k+ lots: 7, avg acres 0.2831, avg price $101857.14. 50k+ lots: 5, avg acres 0.2766, avg price $128600.0. Package caution: possible package-repeat in examples."
52,lehigh-buyer-green-sun-homes-llc,GREEN SUN HOMES LLC,,,,Lehigh repeat vacant-lot buyer,needs-public-contact-enrichment,55,26,6,0.2477,269345.5,5,0.252,316814.6,Lee County Property Appraiser / GeoView source export; local artifact rollup,Pull Lee Clerk deed/Sunbiz filing or direct-mail recorded address; do not guess phone/email.,"Lee County/GeoView public-record repeat buyer. Current Lehigh holdings: 26. 30k+ lots: 6, avg acres 0.2477, avg price $269345.5. 50k+ lots: 5, avg acres 0.252, avg price $316814.6. Package caution: possible package-repeat in examples."
53,lehigh-buyer-casariego-development-llc,CASARIEGO DEVELOPMENT LLC,,,,Lehigh repeat vacant-lot buyer,needs-public-contact-enrichment,55,12,6,0.25,280333.33,5,0.25,330400.0,Lee County Property Appraiser / GeoView source export; local artifact rollup,Pull Lee Clerk deed/Sunbiz filing or direct-mail recorded address; do not guess phone/email.,"Lee County/GeoView public-record repeat buyer. Current Lehigh holdings: 12. 30k+ lots: 6, avg acres 0.25, avg price $280333.33. 50k+ lots: 5, avg acres 0.25, avg price $330400.0. Package caution: possible package-repeat in examples."
54,lehigh-buyer-urban-3-investment-corp,URBAN 3 INVESTMENT CORP,,,,Lehigh repeat vacant-lot buyer,needs-public-contact-enrichment,55,5,6,0.2409,80333.33,5,0.2431,87400.0,Lee County Property Appraiser / GeoView source export; local artifact rollup,Pull Lee Clerk deed/Sunbiz filing or direct-mail recorded address; do not guess phone/email.,"Lee County/GeoView public-record repeat buyer. Current Lehigh holdings: 5. 30k+ lots: 6, avg acres 0.2409, avg price $80333.33. 50k+ lots: 5, avg acres 0.2431, avg price $87400.0. Package caution: possible package-repeat in examples."
55,lehigh-buyer-owny-holdings-llc,OWNY HOLDINGS LLC,,,,Lehigh repeat vacant-lot buyer,needs-public-contact-enrichment,55,25,5,0.2347,135000.0,5,0.2347,135000.0,Lee County Property Appraiser / GeoView source export; local artifact rollup,Pull Lee Clerk deed/Sunbiz filing or direct-mail recorded address; do not guess phone/email.,"Lee County/GeoView public-record repeat buyer. Current Lehigh holdings: 25. 30k+ lots: 5, avg acres 0.2347, avg price $135000.0. 50k+ lots: 5, avg acres 0.2347, avg price $135000.0. Package caution: possible package-repeat in examples."
56,lehigh-buyer-barnhart-properties-llc,BARNHART PROPERTIES LLC +,,,,Lehigh repeat vacant-lot buyer,needs-public-contact-enrichment,55,11,5,0.2926,210000.0,5,0.2926,210000.0,Lee County Property Appraiser / GeoView source export; local artifact rollup,Pull Lee Clerk deed/Sunbiz filing or direct-mail recorded address; do not guess phone/email.,"Lee County/GeoView public-record repeat buyer. Current Lehigh holdings: 11. 30k+ lots: 5, avg acres 0.2926, avg price $210000.0. 50k+ lots: 5, avg acres 0.2926, avg price $210000.0. Package caution: possible package-repeat in examples."
57,lehigh-buyer-mp-lot-holdings-llc,MP LOT HOLDINGS LLC,,,,Lehigh repeat vacant-lot buyer,needs-public-contact-enrichment,55,7,5,0.25,62200.0,5,0.25,62200.0,Lee County Property Appraiser / GeoView source export; local artifact rollup,Pull Lee Clerk deed/Sunbiz filing or direct-mail recorded address; do not guess phone/email.,"Lee County/GeoView public-record repeat buyer. Current Lehigh holdings: 7. 30k+ lots: 5, avg acres 0.25, avg price $62200.0. 50k+ lots: 5, avg acres 0.25, avg price $62200.0. Package caution: possible package-repeat in examples."
58,lehigh-buyer-401813-investment-llc,401813 INVESTMENT LLC,,,,Lehigh repeat vacant-lot buyer,needs-public-contact-enrichment,55,6,5,0.25,220000.0,5,0.25,220000.0,Lee County Property Appraiser / GeoView source export; local artifact rollup,Pull Lee Clerk deed/Sunbiz filing or direct-mail recorded address; do not guess phone/email.,"Lee County/GeoView public-record repeat buyer. Current Lehigh holdings: 6. 30k+ lots: 5, avg acres 0.25, avg price $220000.0. 50k+ lots: 5, avg acres 0.25, avg price $220000.0. Package caution: possible package-repeat in examples."
59,lehigh-buyer-richard-tailor-magles-llc,RICHARD TAILOR & MAGLES LLC,,,,Lehigh repeat vacant-lot buyer,needs-public-contact-enrichment,55,5,5,0.233,100000.0,5,0.233,100000.0,Lee County Property Appraiser / GeoView source export; local artifact rollup,Pull Lee Clerk deed/Sunbiz filing or direct-mail recorded address; do not guess phone/email.,"Lee County/GeoView public-record repeat buyer. Current Lehigh holdings: 5. 30k+ lots: 5, avg acres 0.233, avg price $100000.0. 50k+ lots: 5, avg acres 0.233, avg price $100000.0. Package caution: possible package-repeat in examples."
60,lehigh-buyer-gc-fonseca-construction-inc,GC FONSECA CONSTRUCTION INC,,,,Lehigh repeat vacant-lot buyer,needs-public-contact-enrichment,55,5,5,0.287,375000.0,5,0.287,375000.0,Lee County Property Appraiser / GeoView source export; local artifact rollup,Pull Lee Clerk deed/Sunbiz filing or direct-mail recorded address; do not guess phone/email.,"Lee County/GeoView public-record repeat buyer. Current Lehigh holdings: 5. 30k+ lots: 5, avg acres 0.287, avg price $375000.0. 50k+ lots: 5, avg acres 0.287, avg price $375000.0. Package caution: possible package-repeat in examples."
61,lehigh-buyer-alemar-investment-group-llc,ALEMAR INVESTMENT GROUP LLC,,,,Lehigh repeat vacant-lot buyer,needs-public-contact-enrichment,55,5,5,0.2433,99000.0,5,0.2433,99000.0,Lee County Property Appraiser / GeoView source export; local artifact rollup,Pull Lee Clerk deed/Sunbiz filing or direct-mail recorded address; do not guess phone/email.,"Lee County/GeoView public-record repeat buyer. Current Lehigh holdings: 5. 30k+ lots: 5, avg acres 0.2433, avg price $99000.0. 50k+ lots: 5, avg acres 0.2433, avg price $99000.0. Package caution: possible package-repeat in examples."
62,lehigh-buyer-nextgen-energy-homes-llc,NEXTGEN ENERGY HOMES LLC,,,,Lehigh repeat vacant-lot buyer,needs-public-contact-enrichment,55,5,5,0.241,226601.0,5,0.241,226601.0,Lee County Property Appraiser / GeoView source export; local artifact rollup,Pull Lee Clerk deed/Sunbiz filing or direct-mail recorded address; do not guess phone/email.,"Lee County/GeoView public-record repeat buyer. Current Lehigh holdings: 5. 30k+ lots: 5, avg acres 0.241, avg price $226601.0. 50k+ lots: 5, avg acres 0.241, avg price $226601.0. Package caution: possible package-repeat in examples."
63,lehigh-buyer-w28-prop-llc,W28 PROP LLC,,,,Lehigh repeat vacant-lot buyer,needs-public-contact-enrichment,55,23,11,0.2315,163639.55,4,0.2363,389283.75,Lee County Property Appraiser / GeoView source export; local artifact rollup,Pull Lee Clerk deed/Sunbiz filing or direct-mail recorded address; do not guess phone/email.,"Lee County/GeoView public-record repeat buyer. Current Lehigh holdings: 23. 30k+ lots: 11, avg acres 0.2315, avg price $163639.55. 50k+ lots: 4, avg acres 0.2363, avg price $389283.75. Package caution: possible package-repeat in examples."
64,lehigh-buyer-fl-land-investments-llc,FL LAND INVESTMENTS LLC,,,,Lehigh repeat vacant-lot buyer,needs-public-contact-enrichment,55,27,8,0.2346,52875.0,4,0.2296,65000.0,Lee County Property Appraiser / GeoView source export; local artifact rollup,Pull Lee Clerk deed/Sunbiz filing or direct-mail recorded address; do not guess phone/email.,"Lee County/GeoView public-record repeat buyer. Current Lehigh holdings: 27. 30k+ lots: 8, avg acres 0.2346, avg price $52875.0. 50k+ lots: 4, avg acres 0.2296, avg price $65000.0. Package caution: possible package-repeat in examples."
65,lehigh-buyer-qhc-developments-llc,QHC DEVELOPMENTS LLC,,,,Lehigh repeat vacant-lot buyer,needs-public-contact-enrichment,55,10,6,0.25,70000.0,4,0.25,85000.0,Lee County Property Appraiser / GeoView source export; local artifact rollup,Pull Lee Clerk deed/Sunbiz filing or direct-mail recorded address; do not guess phone/email.,"Lee County/GeoView public-record repeat buyer. Current Lehigh holdings: 10. 30k+ lots: 6, avg acres 0.25, avg price $70000.0. 50k+ lots: 4, avg acres 0.25, avg price $85000.0. Package caution: possible package-repeat in examples."
66,lehigh-buyer-lehigh-developers-llc,LEHIGH DEVELOPERS LLC,,,,Lehigh repeat vacant-lot buyer,needs-public-contact-enrichment,55,9,6,0.2389,58333.33,4,0.233,66500.0,Lee County Property Appraiser / GeoView source export; local artifact rollup,Pull Lee Clerk deed/Sunbiz filing or direct-mail recorded address; do not guess phone/email.,"Lee County/GeoView public-record repeat buyer. Current Lehigh holdings: 9. 30k+ lots: 6, avg acres 0.2389, avg price $58333.33. 50k+ lots: 4, avg acres 0.233, avg price $66500.0. Package caution: possible package-repeat in examples."
67,lehigh-buyer-bbpl-i-llc,BBPL I LLC,,,,Lehigh repeat vacant-lot buyer,needs-public-contact-enrichment,55,7,5,0.2845,69600.0,4,0.2839,75000.0,Lee County Property Appraiser / GeoView source export; local artifact rollup,Pull Lee Clerk deed/Sunbiz filing or direct-mail recorded address; do not guess phone/email.,"Lee County/GeoView public-record repeat buyer. Current Lehigh holdings: 7. 30k+ lots: 5, avg acres 0.2845, avg price $69600.0. 50k+ lots: 4, avg acres 0.2839, avg price $75000.0. Package caution: possible package-repeat in examples."
68,lehigh-buyer-choute-bertrand,CHOUTE BERTRAND,,,,Lehigh repeat vacant-lot buyer,needs-public-contact-enrichment,55,39,4,0.2975,67250.0,4,0.2975,67250.0,Lee County Property Appraiser / GeoView source export; local artifact rollup,Pull Lee Clerk deed/Sunbiz filing or direct-mail recorded address; do not guess phone/email.,"Lee County/GeoView public-record repeat buyer. Current Lehigh holdings: 39. 30k+ lots: 4, avg acres 0.2975, avg price $67250.0. 50k+ lots: 4, avg acres 0.2975, avg price $67250.0. Package caution: check distinct deed docs before relying on high averages."
69,lehigh-buyer-abeni-llc,ABENI LLC,,,,Lehigh repeat vacant-lot buyer,needs-public-contact-enrichment,55,13,4,0.236,53500.0,4,0.236,53500.0,Lee County Property Appraiser / GeoView source export; local artifact rollup,Pull Lee Clerk deed/Sunbiz filing or direct-mail recorded address; do not guess phone/email.,"Lee County/GeoView public-record repeat buyer. Current Lehigh holdings: 13. 30k+ lots: 4, avg acres 0.236, avg price $53500.0. 50k+ lots: 4, avg acres 0.236, avg price $53500.0. Package caution: possible package-repeat in examples."
70,lehigh-buyer-single-land-llc,SINGLE LAND LLC,,,,Lehigh repeat vacant-lot buyer,needs-public-contact-enrichment,55,6,4,0.2421,57218.0,4,0.2421,57218.0,Lee County Property Appraiser / GeoView source export; local artifact rollup,Pull Lee Clerk deed/Sunbiz filing or direct-mail recorded address; do not guess phone/email.,"Lee County/GeoView public-record repeat buyer. Current Lehigh holdings: 6. 30k+ lots: 4, avg acres 0.2421, avg price $57218.0. 50k+ lots: 4, avg acres 0.2421, avg price $57218.0. Package caution: possible package-repeat in examples."
71,lehigh-buyer-solid-ground-builders-corp,SOLID GROUND BUILDERS CORP,,,,Lehigh repeat vacant-lot buyer,needs-public-contact-enrichment,55,6,4,0.2296,80000.0,4,0.2296,80000.0,Lee County Property Appraiser / GeoView source export; local artifact rollup,Pull Lee Clerk deed/Sunbiz filing or direct-mail recorded address; do not guess phone/email.,"Lee County/GeoView public-record repeat buyer. Current Lehigh holdings: 6. 30k+ lots: 4, avg acres 0.2296, avg price $80000.0. 50k+ lots: 4, avg acres 0.2296, avg price $80000.0. Package caution: possible package-repeat in examples."
72,lehigh-buyer-alimentos-del-sur-llc,ALIMENTOS DEL SUR LLC,,,,Lehigh repeat vacant-lot buyer,needs-public-contact-enrichment,55,6,4,0.2813,165000.0,4,0.2813,165000.0,Lee County Property Appraiser / GeoView source export; local artifact rollup,Pull Lee Clerk deed/Sunbiz filing or direct-mail recorded address; do not guess phone/email.,"Lee County/GeoView public-record repeat buyer. Current Lehigh holdings: 6. 30k+ lots: 4, avg acres 0.2813, avg price $165000.0. 50k+ lots: 4, avg acres 0.2813, avg price $165000.0. Package caution: possible package-repeat in examples."
73,lehigh-buyer-gulf-coast-land-solutions-llc,GULF COAST LAND SOLUTIONS LLC,,,,Lehigh repeat vacant-lot buyer,needs-public-contact-enrichment,55,6,4,0.25,58348.0,4,0.25,58348.0,Lee County Property Appraiser / GeoView source export; local artifact rollup,Pull Lee Clerk deed/Sunbiz filing or direct-mail recorded address; do not guess phone/email.,"Lee County/GeoView public-record repeat buyer. Current Lehigh holdings: 6. 30k+ lots: 4, avg acres 0.25, avg price $58348.0. 50k+ lots: 4, avg acres 0.25, avg price $58348.0. Package caution: possible package-repeat in examples."
74,lehigh-buyer-legigh-investments-llc,LEGIGH INVESTMENTS LLC,,,,Lehigh repeat vacant-lot buyer,needs-public-contact-enrichment,55,5,4,0.317,64500.0,4,0.317,64500.0,Lee County Property Appraiser / GeoView source export; local artifact rollup,Pull Lee Clerk deed/Sunbiz filing or direct-mail recorded address; do not guess phone/email.,"Lee County/GeoView public-record repeat buyer. Current Lehigh holdings: 5. 30k+ lots: 4, avg acres 0.317, avg price $64500.0. 50k+ lots: 4, avg acres 0.317, avg price $64500.0. Package caution: check distinct deed docs before relying on high averages."
75,lehigh-buyer-ca-tano-construction-applian,CA TANO CONSTRUCTION & APPLIAN,,,,Lehigh repeat vacant-lot buyer,needs-public-contact-enrichment,55,5,4,0.25,56000.0,4,0.25,56000.0,Lee County Property Appraiser / GeoView source export; local artifact rollup,Pull Lee Clerk deed/Sunbiz filing or direct-mail recorded address; do not guess phone/email.,"Lee County/GeoView public-record repeat buyer. Current Lehigh holdings: 5. 30k+ lots: 4, avg acres 0.25, avg price $56000.0. 50k+ lots: 4, avg acres 0.25, avg price $56000.0. Package caution: possible package-repeat in examples."
76,lehigh-buyer-fundvate-26-llc,FUNDVATE 26 LLC,,,,Lehigh repeat vacant-lot buyer,needs-public-contact-enrichment,55,5,4,0.2472,313750.0,4,0.2472,313750.0,Lee County Property Appraiser / GeoView source export; local artifact rollup,Pull Lee Clerk deed/Sunbiz filing or direct-mail recorded address; do not guess phone/email.,"Lee County/GeoView public-record repeat buyer. Current Lehigh holdings: 5. 30k+ lots: 4, avg acres 0.2472, avg price $313750.0. 50k+ lots: 4, avg acres 0.2472, avg price $313750.0. Package caution: check distinct deed docs before relying on high averages."
77,lehigh-buyer-crc-developments-llc,CRC DEVELOPMENTS LLC,,,,Lehigh repeat vacant-lot buyer,needs-public-contact-enrichment,55,8,8,0.2784,64687.5,3,0.2667,106666.67,Lee County Property Appraiser / GeoView source export; local artifact rollup,Pull Lee Clerk deed/Sunbiz filing or direct-mail recorded address; do not guess phone/email.,"Lee County/GeoView public-record repeat buyer. Current Lehigh holdings: 8. 30k+ lots: 8, avg acres 0.2784, avg price $64687.5. 50k+ lots: 3, avg acres 0.2667, avg price $106666.67. Package caution: possible package-repeat in examples."
78,lehigh-buyer-1816-yoakum-development-llc,1816 YOAKUM DEVELOPMENT LLC,,,,Lehigh repeat vacant-lot buyer,needs-public-contact-enrichment,55,8,6,0.2592,52083.33,3,0.2575,61500.0,Lee County Property Appraiser / GeoView source export; local artifact rollup,Pull Lee Clerk deed/Sunbiz filing or direct-mail recorded address; do not guess phone/email.,"Lee County/GeoView public-record repeat buyer. Current Lehigh holdings: 8. 30k+ lots: 6, avg acres 0.2592, avg price $52083.33. 50k+ lots: 3, avg acres 0.2575, avg price $61500.0. Package caution: possible package-repeat in examples."
79,lehigh-buyer-adams-homes-of-northwest-flori,ADAMS HOMES OF NORTHWEST FLORI,,,,Lehigh repeat vacant-lot buyer,needs-public-contact-enrichment,55,16,5,0.2285,49600.0,3,0.2279,60000.0,Lee County Property Appraiser / GeoView source export; local artifact rollup,Pull Lee Clerk deed/Sunbiz filing or direct-mail recorded address; do not guess phone/email.,"Lee County/GeoView public-record repeat buyer. Current Lehigh holdings: 16. 30k+ lots: 5, avg acres 0.2285, avg price $49600.0. 50k+ lots: 3, avg acres 0.2279, avg price $60000.0. Package caution: possible package-repeat in examples."
80,lehigh-buyer-aa-investment-company-llc,AA INVESTMENT COMPANY LLC,,,,Lehigh repeat vacant-lot buyer,needs-public-contact-enrichment,55,13,5,0.2615,81722.8,3,0.25,108871.33,Lee County Property Appraiser / GeoView source export; local artifact rollup,Pull Lee Clerk deed/Sunbiz filing or direct-mail recorded address; do not guess phone/email.,"Lee County/GeoView public-record repeat buyer. Current Lehigh holdings: 13. 30k+ lots: 5, avg acres 0.2615, avg price $81722.8. 50k+ lots: 3, avg acres 0.25, avg price $108871.33. Package caution: check distinct deed docs before relying on high averages."
81,lehigh-buyer-gretchen-ave-llc,GRETCHEN AVE LLC,,,,Lehigh repeat vacant-lot buyer,needs-public-contact-enrichment,55,6,5,0.2569,136400.0,3,0.2661,203333.33,Lee County Property Appraiser / GeoView source export; local artifact rollup,Pull Lee Clerk deed/Sunbiz filing or direct-mail recorded address; do not guess phone/email.,"Lee County/GeoView public-record repeat buyer. Current Lehigh holdings: 6. 30k+ lots: 5, avg acres 0.2569, avg price $136400.0. 50k+ lots: 3, avg acres 0.2661, avg price $203333.33. Package caution: possible package-repeat in examples."
82,lehigh-buyer-vml-property-services-llc,VML PROPERTY SERVICES LLC,,,,Lehigh repeat vacant-lot buyer,needs-public-contact-enrichment,55,5,5,0.287,51883.8,3,0.287,60500.0,Lee County Property Appraiser / GeoView source export; local artifact rollup,Pull Lee Clerk deed/Sunbiz filing or direct-mail recorded address; do not guess phone/email.,"Lee County/GeoView public-record repeat buyer. Current Lehigh holdings: 5. 30k+ lots: 5, avg acres 0.287, avg price $51883.8. 50k+ lots: 3, avg acres 0.287, avg price $60500.0. Package caution: possible package-repeat in examples."
83,lehigh-buyer-southern-impression-homes-llc,SOUTHERN IMPRESSION HOMES LLC,,,,Lehigh repeat vacant-lot buyer,needs-public-contact-enrichment,55,28,4,0.2663,241750.0,3,0.2776,309000.0,Lee County Property Appraiser / GeoView source export; local artifact rollup,Pull Lee Clerk deed/Sunbiz filing or direct-mail recorded address; do not guess phone/email.,"Lee County/GeoView public-record repeat buyer. Current Lehigh holdings: 28. 30k+ lots: 4, avg acres 0.2663, avg price $241750.0. 50k+ lots: 3, avg acres 0.2776, avg price $309000.0. Package caution: possible package-repeat in examples."
84,lehigh-buyer-united-integral-solutions-llc,UNITED INTEGRAL SOLUTIONS LLC,,,,Lehigh repeat vacant-lot buyer,needs-public-contact-enrichment,55,5,4,0.2296,75000.0,3,0.2296,90000.0,Lee County Property Appraiser / GeoView source export; local artifact rollup,Pull Lee Clerk deed/Sunbiz filing or direct-mail recorded address; do not guess phone/email.,"Lee County/GeoView public-record repeat buyer. Current Lehigh holdings: 5. 30k+ lots: 4, avg acres 0.2296, avg price $75000.0. 50k+ lots: 3, avg acres 0.2296, avg price $90000.0. Package caution: possible package-repeat in examples."
85,lehigh-buyer-in-style-builders-llc,IN STYLE BUILDERS LLC,,,,Lehigh repeat vacant-lot buyer,needs-public-contact-enrichment,55,23,3,0.241,56700.0,3,0.241,56700.0,Lee County Property Appraiser / GeoView source export; local artifact rollup,Pull Lee Clerk deed/Sunbiz filing or direct-mail recorded address; do not guess phone/email.,"Lee County/GeoView public-record repeat buyer. Current Lehigh holdings: 23. 30k+ lots: 3, avg acres 0.241, avg price $56700.0. 50k+ lots: 3, avg acres 0.241, avg price $56700.0. Package caution: possible package-repeat in examples."
86,lehigh-buyer-galos-investments-llc,GALOS INVESTMENTS LLC,,,,Lehigh repeat vacant-lot buyer,needs-public-contact-enrichment,55,10,3,0.2713,83416.67,3,0.2713,83416.67,Lee County Property Appraiser / GeoView source export; local artifact rollup,Pull Lee Clerk deed/Sunbiz filing or direct-mail recorded address; do not guess phone/email.,"Lee County/GeoView public-record repeat buyer. Current Lehigh holdings: 10. 30k+ lots: 3, avg acres 0.2713, avg price $83416.67. 50k+ lots: 3, avg acres 0.2713, avg price $83416.67. Package caution: possible package-repeat in examples."
87,lehigh-buyer-jedn-holding-llc,JEDN HOLDING LLC,,,,Lehigh repeat vacant-lot buyer,needs-public-contact-enrichment,55,8,3,0.2296,79000.0,3,0.2296,79000.0,Lee County Property Appraiser / GeoView source export; local artifact rollup,Pull Lee Clerk deed/Sunbiz filing or direct-mail recorded address; do not guess phone/email.,"Lee County/GeoView public-record repeat buyer. Current Lehigh holdings: 8. 30k+ lots: 3, avg acres 0.2296, avg price $79000.0. 50k+ lots: 3, avg acres 0.2296, avg price $79000.0. Package caution: possible package-repeat in examples."
88,lehigh-buyer-gator-investment-of-sw-fla-inc,GATOR INVESTMENT OF SW FLA INC,,,,Lehigh repeat vacant-lot buyer,needs-public-contact-enrichment,55,6,3,0.25,75000.0,3,0.25,75000.0,Lee County Property Appraiser / GeoView source export; local artifact rollup,Pull Lee Clerk deed/Sunbiz filing or direct-mail recorded address; do not guess phone/email.,"Lee County/GeoView public-record repeat buyer. Current Lehigh holdings: 6. 30k+ lots: 3, avg acres 0.25, avg price $75000.0. 50k+ lots: 3, avg acres 0.25, avg price $75000.0. Package caution: possible package-repeat in examples."
89,lehigh-buyer-singh-dalip,SINGH DALIP,,,,Lehigh repeat vacant-lot buyer,needs-public-contact-enrichment,55,5,3,0.2721,197500.0,3,0.2721,197500.0,Lee County Property Appraiser / GeoView source export; local artifact rollup,Pull Lee Clerk deed/Sunbiz filing or direct-mail recorded address; do not guess phone/email.,"Lee County/GeoView public-record repeat buyer. Current Lehigh holdings: 5. 30k+ lots: 3, avg acres 0.2721, avg price $197500.0. 50k+ lots: 3, avg acres 0.2721, avg price $197500.0. Package caution: possible package-repeat in examples."
90,lehigh-buyer-3k-financial-group-llc,3K FINANCIAL GROUP LLC,,,,Lehigh repeat vacant-lot buyer,needs-public-contact-enrichment,55,5,3,0.25,60000.0,3,0.25,60000.0,Lee County Property Appraiser / GeoView source export; local artifact rollup,Pull Lee Clerk deed/Sunbiz filing or direct-mail recorded address; do not guess phone/email.,"Lee County/GeoView public-record repeat buyer. Current Lehigh holdings: 5. 30k+ lots: 3, avg acres 0.25, avg price $60000.0. 50k+ lots: 3, avg acres 0.25, avg price $60000.0. Package caution: possible package-repeat in examples."
91,lehigh-buyer-i7-homes-llc,I7 HOMES LLC,,,,Lehigh repeat vacant-lot buyer,needs-public-contact-enrichment,55,5,3,0.25,57300.0,3,0.25,57300.0,Lee County Property Appraiser / GeoView source export; local artifact rollup,Pull Lee Clerk deed/Sunbiz filing or direct-mail recorded address; do not guess phone/email.,"Lee County/GeoView public-record repeat buyer. Current Lehigh holdings: 5. 30k+ lots: 3, avg acres 0.25, avg price $57300.0. 50k+ lots: 3, avg acres 0.25, avg price $57300.0. Package caution: possible package-repeat in examples."
92,lehigh-buyer-golden-homes-custom-builders-i,GOLDEN HOMES CUSTOM BUILDERS I,,,,Lehigh repeat vacant-lot buyer,needs-public-contact-enrichment,55,5,3,0.2781,165000.0,3,0.2781,165000.0,Lee County Property Appraiser / GeoView source export; local artifact rollup,Pull Lee Clerk deed/Sunbiz filing or direct-mail recorded address; do not guess phone/email.,"Lee County/GeoView public-record repeat buyer. Current Lehigh holdings: 5. 30k+ lots: 3, avg acres 0.2781, avg price $165000.0. 50k+ lots: 3, avg acres 0.2781, avg price $165000.0. Package caution: possible package-repeat in examples."
93,lehigh-buyer-dat-tram-llc,DAT TRAM LLC,,,,Lehigh repeat vacant-lot buyer,needs-public-contact-enrichment,55,7,6,0.2391,64833.33,2,0.2249,116500.0,Lee County Property Appraiser / GeoView source export; local artifact rollup,Pull Lee Clerk deed/Sunbiz filing or direct-mail recorded address; do not guess phone/email.,"Lee County/GeoView public-record repeat buyer. Current Lehigh holdings: 7. 30k+ lots: 6, avg acres 0.2391, avg price $64833.33. 50k+ lots: 2, avg acres 0.2249, avg price $116500.0. Package caution: possible package-repeat in examples."
94,lehigh-buyer-lee-county-electric-co-op-inc,LEE COUNTY ELECTRIC CO-OP INC,,,,Lehigh repeat vacant-lot buyer,needs-public-contact-enrichment,55,17,5,0.2427,47100.0,2,0.2353,66000.0,Lee County Property Appraiser / GeoView source export; local artifact rollup,Pull Lee Clerk deed/Sunbiz filing or direct-mail recorded address; do not guess phone/email.,"Lee County/GeoView public-record repeat buyer. Current Lehigh holdings: 17. 30k+ lots: 5, avg acres 0.2427, avg price $47100.0. 50k+ lots: 2, avg acres 0.2353, avg price $66000.0. Package caution: possible package-repeat in examples."
95,lehigh-buyer-eds-family-holding-llc,EDS FAMILY HOLDING LLC,,,,Lehigh repeat vacant-lot buyer,needs-public-contact-enrichment,55,9,5,0.2287,90160.0,2,0.2285,165000.0,Lee County Property Appraiser / GeoView source export; local artifact rollup,Pull Lee Clerk deed/Sunbiz filing or direct-mail recorded address; do not guess phone/email.,"Lee County/GeoView public-record repeat buyer. Current Lehigh holdings: 9. 30k+ lots: 5, avg acres 0.2287, avg price $90160.0. 50k+ lots: 2, avg acres 0.2285, avg price $165000.0. Package caution: possible package-repeat in examples."
96,lehigh-buyer-djrt-investments-llc,DJRT INVESTMENTS LLC,,,,Lehigh repeat vacant-lot buyer,needs-public-contact-enrichment,55,8,5,0.2943,49550.0,2,0.287,58375.0,Lee County Property Appraiser / GeoView source export; local artifact rollup,Pull Lee Clerk deed/Sunbiz filing or direct-mail recorded address; do not guess phone/email.,"Lee County/GeoView public-record repeat buyer. Current Lehigh holdings: 8. 30k+ lots: 5, avg acres 0.2943, avg price $49550.0. 50k+ lots: 2, avg acres 0.287, avg price $58375.0. Package caution: possible package-repeat in examples."
97,lehigh-buyer-chagani-feroz-a,CHAGANI FEROZ A,,,,Lehigh repeat vacant-lot buyer,needs-public-contact-enrichment,55,52,4,0.2296,115500.0,2,0.2296,200000.0,Lee County Property Appraiser / GeoView source export; local artifact rollup,Pull Lee Clerk deed/Sunbiz filing or direct-mail recorded address; do not guess phone/email.,"Lee County/GeoView public-record repeat buyer. Current Lehigh holdings: 52. 30k+ lots: 4, avg acres 0.2296, avg price $115500.0. 50k+ lots: 2, avg acres 0.2296, avg price $200000.0. Package caution: possible package-repeat in examples."
98,lehigh-buyer-diaz-parking-company-llc,DIAZ PARKING COMPANY LLC,,,,Lehigh repeat vacant-lot buyer,needs-public-contact-enrichment,55,7,4,0.2367,89750.0,2,0.2367,137500.0,Lee County Property Appraiser / GeoView source export; local artifact rollup,Pull Lee Clerk deed/Sunbiz filing or direct-mail recorded address; do not guess phone/email.,"Lee County/GeoView public-record repeat buyer. Current Lehigh holdings: 7. 30k+ lots: 4, avg acres 0.2367, avg price $89750.0. 50k+ lots: 2, avg acres 0.2367, avg price $137500.0. Package caution: possible package-repeat in examples."
99,lehigh-buyer-najmi-realty-llc,NAJMI REALTY LLC,,,,Lehigh repeat vacant-lot buyer,needs-public-contact-enrichment,55,6,4,0.245,44375.0,2,0.2401,54000.0,Lee County Property Appraiser / GeoView source export; local artifact rollup,Pull Lee Clerk deed/Sunbiz filing or direct-mail recorded address; do not guess phone/email.,"Lee County/GeoView public-record repeat buyer. Current Lehigh holdings: 6. 30k+ lots: 4, avg acres 0.245, avg price $44375.0. 50k+ lots: 2, avg acres 0.2401, avg price $54000.0. Package caution: check distinct deed docs before relying on high averages."
100,lehigh-buyer-j-e-investings-inc,J&E INVESTINGS INC,,,,Lehigh repeat vacant-lot buyer,needs-public-contact-enrichment,55,5,4,0.2398,46500.0,2,0.2501,56000.0,Lee County Property Appraiser / GeoView source export; local artifact rollup,Pull Lee Clerk deed/Sunbiz filing or direct-mail recorded address; do not guess phone/email.,"Lee County/GeoView public-record repeat buyer. Current Lehigh holdings: 5. 30k+ lots: 4, avg acres 0.2398, avg price $46500.0. 50k+ lots: 2, avg acres 0.2501, avg price $56000.0. Package caution: check distinct deed docs before relying on high averages."
101,lehigh-buyer-subhadra-ramnath-llc,SUBHADRA RAMNATH LLC,,,,Lehigh repeat vacant-lot buyer,needs-public-contact-enrichment,55,18,3,0.2841,49166.67,2,0.3012,57000.0,Lee County Property Appraiser / GeoView source export; local artifact rollup,Pull Lee Clerk deed/Sunbiz filing or direct-mail recorded address; do not guess phone/email.,"Lee County/GeoView public-record repeat buyer. Current Lehigh holdings: 18. 30k+ lots: 3, avg acres 0.2841, avg price $49166.67. 50k+ lots: 2, avg acres 0.3012, avg price $57000.0. Package caution: possible package-repeat in examples."
102,lehigh-buyer-land-build-management-llc,LAND BUILD MANAGEMENT LLC,,,,Lehigh repeat vacant-lot buyer,needs-public-contact-enrichment,55,9,3,0.25,65333.33,2,0.25,82500.0,Lee County Property Appraiser / GeoView source export; local artifact rollup,Pull Lee Clerk deed/Sunbiz filing or direct-mail recorded address; do not guess phone/email.,"Lee County/GeoView public-record repeat buyer. Current Lehigh holdings: 9. 30k+ lots: 3, avg acres 0.25, avg price $65333.33. 50k+ lots: 2, avg acres 0.25, avg price $82500.0. Package caution: possible package-repeat in examples."
103,lehigh-buyer-p-c-management-1937-inc,P&C MANAGEMENT 1937 INC,,,,Lehigh repeat vacant-lot buyer,needs-public-contact-enrichment,55,7,3,0.2871,51666.67,2,0.2872,53500.0,Lee County Property Appraiser / GeoView source export; local artifact rollup,Pull Lee Clerk deed/Sunbiz filing or direct-mail recorded address; do not guess phone/email.,"Lee County/GeoView public-record repeat buyer. Current Lehigh holdings: 7. 30k+ lots: 3, avg acres 0.2871, avg price $51666.67. 50k+ lots: 2, avg acres 0.2872, avg price $53500.0. Package caution: possible package-repeat in examples."
104,lehigh-buyer-eco-solar-company-llc,ECO SOLAR COMPANY LLC,,,,Lehigh repeat vacant-lot buyer,needs-public-contact-enrichment,55,46,2,0.2518,66500.0,2,0.2518,66500.0,Lee County Property Appraiser / GeoView source export; local artifact rollup,Pull Lee Clerk deed/Sunbiz filing or direct-mail recorded address; do not guess phone/email.,"Lee County/GeoView public-record repeat buyer. Current Lehigh holdings: 46. 30k+ lots: 2, avg acres 0.2518, avg price $66500.0. 50k+ lots: 2, avg acres 0.2518, avg price $66500.0. Package caution: possible package-repeat in examples."
105,lehigh-buyer-nova-investment-group-llc,NOVA INVESTMENT GROUP LLC,,,,Lehigh repeat vacant-lot buyer,needs-public-contact-enrichment,55,16,2,0.2324,67800.0,2,0.2324,67800.0,Lee County Property Appraiser / GeoView source export; local artifact rollup,Pull Lee Clerk deed/Sunbiz filing or direct-mail recorded address; do not guess phone/email.,"Lee County/GeoView public-record repeat buyer. Current Lehigh holdings: 16. 30k+ lots: 2, avg acres 0.2324, avg price $67800.0. 50k+ lots: 2, avg acres 0.2324, avg price $67800.0. Package caution: check distinct deed docs before relying on high averages."
106,lehigh-buyer-bricks-developments-llc,BRICKS DEVELOPMENTS LLC,,,,Lehigh repeat vacant-lot buyer,needs-public-contact-enrichment,55,9,2,0.2296,335000.0,2,0.2296,335000.0,Lee County Property Appraiser / GeoView source export; local artifact rollup,Pull Lee Clerk deed/Sunbiz filing or direct-mail recorded address; do not guess phone/email.,"Lee County/GeoView public-record repeat buyer. Current Lehigh holdings: 9. 30k+ lots: 2, avg acres 0.2296, avg price $335000.0. 50k+ lots: 2, avg acres 0.2296, avg price $335000.0. Package caution: possible package-repeat in examples."
107,lehigh-buyer-royal-sf-investments-llc,ROYAL SF INVESTMENTS LLC,,,,Lehigh repeat vacant-lot buyer,needs-public-contact-enrichment,55,7,2,0.2685,59000.0,2,0.2685,59000.0,Lee County Property Appraiser / GeoView source export; local artifact rollup,Pull Lee Clerk deed/Sunbiz filing or direct-mail recorded address; do not guess phone/email.,"Lee County/GeoView public-record repeat buyer. Current Lehigh holdings: 7. 30k+ lots: 2, avg acres 0.2685, avg price $59000.0. 50k+ lots: 2, avg acres 0.2685, avg price $59000.0. Package caution: check distinct deed docs before relying on high averages."
108,lehigh-buyer-your-family-home-builders-llc,YOUR FAMILY HOME BUILDERS LLC,,,,Lehigh repeat vacant-lot buyer,needs-public-contact-enrichment,55,7,2,0.297,155000.0,2,0.297,155000.0,Lee County Property Appraiser / GeoView source export; local artifact rollup,Pull Lee Clerk deed/Sunbiz filing or direct-mail recorded address; do not guess phone/email.,"Lee County/GeoView public-record repeat buyer. Current Lehigh holdings: 7. 30k+ lots: 2, avg acres 0.297, avg price $155000.0. 50k+ lots: 2, avg acres 0.297, avg price $155000.0. Package caution: check distinct deed docs before relying on high averages."
109,lehigh-buyer-valdes-delsy-b-tr,VALDES DELSY B TR,,,,Lehigh repeat vacant-lot buyer,needs-public-contact-enrichment,55,5,2,0.2501,98500.0,2,0.2501,98500.0,Lee County Property Appraiser / GeoView source export; local artifact rollup,Pull Lee Clerk deed/Sunbiz filing or direct-mail recorded address; do not guess phone/email.,"Lee County/GeoView public-record repeat buyer. Current Lehigh holdings: 5. 30k+ lots: 2, avg acres 0.2501, avg price $98500.0. 50k+ lots: 2, avg acres 0.2501, avg price $98500.0. Package caution: check distinct deed docs before relying on high averages."
