leadId,market,name,phone,email,website,contactName,buyBox,confidence
buyer:polk-fl:lennar-homes-llc,polk-fl,LENNAR HOMES LLC,4076644126,Permits@jbvexpediting.com,,LENNAR HOMES LLC,"Public Polk County Accela residential-new permit signal only. Call builder to capture exact Polk/Lakeland land buy box, max price, closing speed, parcel constraints, utility requirements, and deal killers.",100
buyer:polk-fl:christopher-koch-banyan-development-group,polk-fl,Christopher Koch Banyan Development Group,4076974114,Chris@BanyanDevelopmentGroup.com,,Christopher Koch Banyan Development Group,"Public Polk County Accela residential-new permit signal only. Call builder to capture exact Polk/Lakeland land buy box, max price, closing speed, parcel constraints, utility requirements, and deal killers.",100
buyer:polk-fl:d-r-horton-inc,polk-fl,"D. R. HORTON, INC.",4078505200,earnold@drhorton.com,,"D. R. HORTON, INC.","Public Polk County Accela residential-new permit signal only. Call builder to capture exact Polk/Lakeland land buy box, max price, closing speed, parcel constraints, utility requirements, and deal killers.",92
buyer:polk-fl:lgi-homes-florida-llc,polk-fl,"LGI HOMES - FLORIDA, LLC",8137315791,jeff.cunningham@lgihomes.com,,"LGI HOMES - FLORIDA, LLC","Public Polk County Accela residential-new permit signal only. Call builder to capture exact Polk/Lakeland land buy box, max price, closing speed, parcel constraints, utility requirements, and deal killers.",92
buyer:polk-fl:maronda-homes-llc-of-florida,polk-fl,"MARONDA HOMES, LLC OF FLORIDA",8136715340,campbellb@maronda.com,,"MARONDA HOMES, LLC OF FLORIDA","Public Polk County Accela residential-new permit signal only. Call builder to capture exact Polk/Lakeland land buy box, max price, closing speed, parcel constraints, utility requirements, and deal killers.",92
buyer:polk-fl:highland-homes,polk-fl,HIGHLAND HOMES,2466197103,permitting@highlandhomes.org,,HIGHLAND HOMES,"Public Polk County Accela residential-new permit signal only. Call builder to capture exact Polk/Lakeland land buy box, max price, closing speed, parcel constraints, utility requirements, and deal killers.",86
buyer:polk-fl:stanley-martin-homes-llc,polk-fl,STANLEY MARTIN HOMES LLC,2529133593,orlandpermitting@stanleymartin.com,,STANLEY MARTIN HOMES LLC,"Public Polk County Accela residential-new permit signal only. Call builder to capture exact Polk/Lakeland land buy box, max price, closing speed, parcel constraints, utility requirements, and deal killers.",86
buyer:polk-fl:duane-mcquillen-construction-inc,polk-fl,DUANE MCQUILLEN CONSTRUCTION INC,8636471200,duane@duanemcquillenconstruction.com,,DUANE MCQUILLEN CONSTRUCTION INC,"Public Polk County Accela residential-new permit signal only. Call builder to capture exact Polk/Lakeland land buy box, max price, closing speed, parcel constraints, utility requirements, and deal killers.",68
buyer:polk-fl:abcan-associates-inc,polk-fl,ABCAN ASSOCIATES INC.,8634228086,mpmcintee2318@yahoo.com,,ABCAN ASSOCIATES INC.,"Public Polk County Accela residential-new permit signal only. Call builder to capture exact Polk/Lakeland land buy box, max price, closing speed, parcel constraints, utility requirements, and deal killers.",62
buyer:polk-fl:alpesh-patek-aj-s-development-enterprises-inc,polk-fl,Alpesh Patek AJ's Development Enterprises Inc.,4073834701,alpesh@ajsrd.com,,Alpesh Patek AJ's Development Enterprises Inc.,"Public Polk County Accela residential-new permit signal only. Call builder to capture exact Polk/Lakeland land buy box, max price, closing speed, parcel constraints, utility requirements, and deal killers.",62
buyer:polk-fl:c-miller-construction-inc,polk-fl,C. MILLER CONSTRUCTION INC.,7274916415,Cemiller@mycmci.com,,C. MILLER CONSTRUCTION INC.,"Public Polk County Accela residential-new permit signal only. Call builder to capture exact Polk/Lakeland land buy box, max price, closing speed, parcel constraints, utility requirements, and deal killers.",62
buyer:polk-fl:christian-baumgardner-baumgardner-house-raising-llc,polk-fl,"Christian Baumgardner Baumgardner House Raising, LLC",2516234511,officefl@bhlfederal.com,,"Christian Baumgardner Baumgardner House Raising, LLC","Public Polk County Accela residential-new permit signal only. Call builder to capture exact Polk/Lakeland land buy box, max price, closing speed, parcel constraints, utility requirements, and deal killers.",62
buyer:polk-fl:eac-customs-llc,polk-fl,"EAC CUSTOMS, LLC",8635577829,poshconstructionllc@gmail.com,,"EAC CUSTOMS, LLC","Public Polk County Accela residential-new permit signal only. Call builder to capture exact Polk/Lakeland land buy box, max price, closing speed, parcel constraints, utility requirements, and deal killers.",62
buyer:polk-fl:galloway-contractors-and-builders-inc,polk-fl,GALLOWAY CONTRACTORS AND BUILDERS INC,3055257450,Orlandoconstruction@aol.com,,GALLOWAY CONTRACTORS AND BUILDERS INC,"Public Polk County Accela residential-new permit signal only. Call builder to capture exact Polk/Lakeland land buy box, max price, closing speed, parcel constraints, utility requirements, and deal killers.",62
buyer:polk-fl:hodge-enterprises-inc,polk-fl,HODGE ENTERPRISES INC,8633976262,marchantconstructionllc@yahoo.com,,HODGE ENTERPRISES INC,"Public Polk County Accela residential-new permit signal only. Call builder to capture exact Polk/Lakeland land buy box, max price, closing speed, parcel constraints, utility requirements, and deal killers.",62
buyer:polk-fl:park-road-llc,polk-fl,PARK ROAD LLC,8635570449,greenlandservicesllc@gmail.com,,PARK ROAD LLC,"Public Polk County Accela residential-new permit signal only. Call builder to capture exact Polk/Lakeland land buy box, max price, closing speed, parcel constraints, utility requirements, and deal killers.",62
buyer:polk-fl:ryan-homes,polk-fl,RYAN HOMES,8137397455,tampapermitting@nvrinc.com,,RYAN HOMES,"Public Polk County Accela residential-new permit signal only. Call builder to capture exact Polk/Lakeland land buy box, max price, closing speed, parcel constraints, utility requirements, and deal killers.",62
buyer:polk-fl:southern-homes-of-polk-co-inc,polk-fl,SOUTHERN HOMES OF POLK CO INC,8636872700,Holly@mysouthernhome.com,,SOUTHERN HOMES OF POLK CO INC,"Public Polk County Accela residential-new permit signal only. Call builder to capture exact Polk/Lakeland land buy box, max price, closing speed, parcel constraints, utility requirements, and deal killers.",62
buyer:polk-fl:tapia-construction-llc,polk-fl,TAPIA CONSTRUCTION LLC,8636445362,yramos@tapiahomes.com,,TAPIA CONSTRUCTION LLC,"Public Polk County Accela residential-new permit signal only. Call builder to capture exact Polk/Lakeland land buy box, max price, closing speed, parcel constraints, utility requirements, and deal killers.",62
buyer:polk-fl:kayleigh-daniels-williams-construction,polk-fl,kayleigh daniels Williams Construction,8632942808,kayleigh@williamsconstructionfl.com,,kayleigh daniels Williams Construction,"Public Polk County Accela residential-new permit signal only. Call builder to capture exact Polk/Lakeland land buy box, max price, closing speed, parcel constraints, utility requirements, and deal killers.",62