leadId,state,county,sourceStatus,taxClaimParcelId,parcelId,ownerName,propertyAddress,mailingAddress,class,landUseCode,acres,style,resLivingArea,yearBuilt,utility,appraisedLand,appraisedBuilding,appraisedTotal,saleDate,salePrice,schoolDistrict,district,cleanGreen,taxClaimPdfPage,sourceUrls,confidence,route,notes,nextAction,candidatePhone,candidateEmail,contactSource,matchBasis,doNotContactStatus
PA-YORK-UPSET-VACANT-0001,PA,York,taxClaimPdf+countyArcGIS,20-000-21-0035.00-00000,2000021003500,15 ORE ROAD OWNER LLC,45 ORE BANK RD,"2950 LEWISBERRY RD, YORK PA 17404-8376",C,499,1.23,,,,No Utilities,326140.0,,326140.0,,,014,20,,321,https://yorkcountypa.gov/DocumentCenter/View/1911/Delinquent-Tax-Claim-Listing-PDF | https://arcweb1.ycpc.org/server/rest/services/OPEN_DATA/Parcels/MapServer/0,high,humanReview,Tax-claim + ArcGIS vacant/no-building candidate; not guaranteed upset-sale entry/payoff status; phone/email intentionally blank pending lawful provider/manual skip trace. Removed from human-first call lane due to entity/trust/estate/company owner name.,Entity/trust/estate owner: verify signer/registered agent or keep out of personal-call lane.,,,,parcel owner name + mailing address anchor,unknown
PA-YORK-UPSET-VACANT-0002,PA,York,taxClaimPdf+countyArcGIS,03-046-01-0005.00-00000,0304601000500,NWT LLC,212 N BEAVER ST,"3405 N 6TH ST, HARRISBURG PA 17110-1486",C,300,1.349,,,,All Public,137620.0,,137620.0,20-SEP-2024,375742.0,028,03,,20,https://yorkcountypa.gov/DocumentCenter/View/1911/Delinquent-Tax-Claim-Listing-PDF | https://arcweb1.ycpc.org/server/rest/services/OPEN_DATA/Parcels/MapServer/0,high,humanReview,Tax-claim + ArcGIS vacant/no-building candidate; not guaranteed upset-sale entry/payoff status; phone/email intentionally blank pending lawful provider/manual skip trace. Removed from human-first call lane due to entity/trust/estate/company owner name.,Entity/trust/estate owner: verify signer/registered agent or keep out of personal-call lane.,,,,parcel owner name + mailing address anchor,unknown
PA-YORK-UPSET-VACANT-0004,PA,York,taxClaimPdf+countyArcGIS,52-000-28-0001.00-00000,5200028000100,WOODLAND DEVELOPMENT INC,15 FUHRMAN MILL RD,"130 CARLISLE RD, HANOVER PA 17331-2400",R,197,0.617,,,,"Public Water, Septic",36130.0,,36130.0,,,020,52,,989,https://yorkcountypa.gov/DocumentCenter/View/1911/Delinquent-Tax-Claim-Listing-PDF | https://arcweb1.ycpc.org/server/rest/services/OPEN_DATA/Parcels/MapServer/0,high,humanReview,Tax-claim + ArcGIS vacant/no-building candidate; not guaranteed upset-sale entry/payoff status; phone/email intentionally blank pending lawful provider/manual skip trace. Removed from human-first call lane due to entity/trust/estate/company owner name.,Entity/trust/estate owner: verify signer/registered agent or keep out of personal-call lane.,,,,parcel owner name + mailing address anchor,unknown
PA-YORK-UPSET-VACANT-0007,PA,York,taxClaimPdf+countyArcGIS,43-000-02-0046.00-00000,4300002004600,LQ PRIVATE VENTURES 25 LLC,DOGWOOD RD,"15495 EAGLE NEST LN STE 210, MIAMI LAKES FL 33014-2242",R,100,0.461,,,,No Utilities,32970.0,,32970.0,01-SEP-2022,15000.0,018,43,,801,https://yorkcountypa.gov/DocumentCenter/View/1911/Delinquent-Tax-Claim-Listing-PDF | https://arcweb1.ycpc.org/server/rest/services/OPEN_DATA/Parcels/MapServer/0,high,humanReview,Tax-claim + ArcGIS vacant/no-building candidate; not guaranteed upset-sale entry/payoff status; phone/email intentionally blank pending lawful provider/manual skip trace. Removed from human-first call lane due to entity/trust/estate/company owner name.,Entity/trust/estate owner: verify signer/registered agent or keep out of personal-call lane.,,,,parcel owner name + mailing address anchor,unknown
PA-YORK-UPSET-VACANT-0011,PA,York,taxClaimPdf+countyArcGIS,24-000-04-0004.00-00000,2400004000400,WINTER VAUGHN W REVOCABLE TRUST OF 2013,2811 CARLISLE RD,"980 SUMMIT CIR N, YORK PA 17403-4428",R,100,0.369,,,,All Public,30860.0,,30860.0,05-SEP-2014,1.0,006,24,,390,https://yorkcountypa.gov/DocumentCenter/View/1911/Delinquent-Tax-Claim-Listing-PDF | https://arcweb1.ycpc.org/server/rest/services/OPEN_DATA/Parcels/MapServer/0,high,humanReview,Tax-claim + ArcGIS vacant/no-building candidate; not guaranteed upset-sale entry/payoff status; phone/email intentionally blank pending lawful provider/manual skip trace. Removed from human-first call lane due to entity/trust/estate/company owner name.,Entity/trust/estate owner: verify signer/registered agent or keep out of personal-call lane.,,,,parcel owner name + mailing address anchor,unknown
PA-YORK-UPSET-VACANT-0014,PA,York,taxClaimPdf+countyArcGIS,45-000-05-0208.00-00000,4500005020800,VALTSA LLC,SUSQUEHANNA TRL,"17308 SUSQUEHANNA TRL S, NEW FREEDOM PA 17349-8947",C,300,0.172,,,,No Utilities,29710.0,,29710.0,30-DEC-2010,750000.0,022,45,,854,https://yorkcountypa.gov/DocumentCenter/View/1911/Delinquent-Tax-Claim-Listing-PDF | https://arcweb1.ycpc.org/server/rest/services/OPEN_DATA/Parcels/MapServer/0,high,humanReview,Tax-claim + ArcGIS vacant/no-building candidate; not guaranteed upset-sale entry/payoff status; phone/email intentionally blank pending lawful provider/manual skip trace. Removed from human-first call lane due to entity/trust/estate/company owner name.,Entity/trust/estate owner: verify signer/registered agent or keep out of personal-call lane.,,,,parcel owner name + mailing address anchor,unknown
PA-YORK-UPSET-VACANT-0016,PA,York,taxClaimPdf+countyArcGIS,24-000-03-0030.00-00000,2400003003000,WINTER FAMILY TRUST TRUSTEE VAUGHN W WINTER REVOC TR 2013,GRENWAY RD,"980 SUMMIT CIR N, YORK PA 17403-4428",R,100,0.344,,,,"Gas, Public Water",28340.0,,28340.0,28-SEP-2022,1.0,006,24,,389,https://yorkcountypa.gov/DocumentCenter/View/1911/Delinquent-Tax-Claim-Listing-PDF | https://arcweb1.ycpc.org/server/rest/services/OPEN_DATA/Parcels/MapServer/0,high,humanReview,Tax-claim + ArcGIS vacant/no-building candidate; not guaranteed upset-sale entry/payoff status; phone/email intentionally blank pending lawful provider/manual skip trace. Removed from human-first call lane due to entity/trust/estate/company owner name.,Entity/trust/estate owner: verify signer/registered agent or keep out of personal-call lane.,,,,parcel owner name + mailing address anchor,unknown
PA-YORK-UPSET-VACANT-0017,PA,York,taxClaimPdf+countyArcGIS,67-000-18-0141.00-00000,6700018014100,BROADWAY HANOVER LLC,GEORGE ST,"4 ATWELL CT, POTOMAC MD 20854-6235",I,500,0.385,,,,All Public,28330.0,,28330.0,04-AUG-2022,4850000.0,010,67,,1131,https://yorkcountypa.gov/DocumentCenter/View/1911/Delinquent-Tax-Claim-Listing-PDF | https://arcweb1.ycpc.org/server/rest/services/OPEN_DATA/Parcels/MapServer/0,high,humanReview,Tax-claim + ArcGIS vacant/no-building candidate; not guaranteed upset-sale entry/payoff status; phone/email intentionally blank pending lawful provider/manual skip trace. Removed from human-first call lane due to entity/trust/estate/company owner name.,Entity/trust/estate owner: verify signer/registered agent or keep out of personal-call lane.,,,,parcel owner name + mailing address anchor,unknown
PA-YORK-UPSET-VACANT-0018,PA,York,taxClaimPdf+countyArcGIS,43-000-02-0006.00-00000,4300002000600,LQ PRIVATE VENTURES 27 LLC,HILLVIEW RD,"2031 HARRISON ST, HOLLYWOOD FL 33020",R,100,0.588,,,,No Utilities,28160.0,,28160.0,01-SEP-2022,11500.0,018,43,,801,https://yorkcountypa.gov/DocumentCenter/View/1911/Delinquent-Tax-Claim-Listing-PDF | https://arcweb1.ycpc.org/server/rest/services/OPEN_DATA/Parcels/MapServer/0,high,humanReview,Tax-claim + ArcGIS vacant/no-building candidate; not guaranteed upset-sale entry/payoff status; phone/email intentionally blank pending lawful provider/manual skip trace. Removed from human-first call lane due to entity/trust/estate/company owner name.,Entity/trust/estate owner: verify signer/registered agent or keep out of personal-call lane.,,,,parcel owner name + mailing address anchor,unknown
PA-YORK-UPSET-VACANT-0019,PA,York,taxClaimPdf+countyArcGIS,53-000-38-0002.00-00000,5300038000200,ANDATO LLC,DAYTON CT,"494 WINDSOR RD, YORK PA 17402-9522",R,100,0.247,,,,"Well, Septic",28090.0,,28090.0,08-MAY-2026,60000.0,016,53,,1002,https://yorkcountypa.gov/DocumentCenter/View/1911/Delinquent-Tax-Claim-Listing-PDF | https://arcweb1.ycpc.org/server/rest/services/OPEN_DATA/Parcels/MapServer/0,high,humanReview,Tax-claim + ArcGIS vacant/no-building candidate; not guaranteed upset-sale entry/payoff status; phone/email intentionally blank pending lawful provider/manual skip trace. Removed from human-first call lane due to entity/trust/estate/company owner name.,Entity/trust/estate owner: verify signer/registered agent or keep out of personal-call lane.,,,,parcel owner name + mailing address anchor,unknown
PA-YORK-UPSET-VACANT-0026,PA,York,taxClaimPdf+countyArcGIS,67-000-08-0188.00-00000,6700008018800,REALTY STAR CAPITAL LLC,222 HIGH ST,"915 N PLUM ST, LANCASTER PA 17602-1937",C,300,0.161,,,,All Public,26330.0,,26330.0,30-DEC-2022,4235.0,010,67,,1119,https://yorkcountypa.gov/DocumentCenter/View/1911/Delinquent-Tax-Claim-Listing-PDF | https://arcweb1.ycpc.org/server/rest/services/OPEN_DATA/Parcels/MapServer/0,high,humanReview,Tax-claim + ArcGIS vacant/no-building candidate; not guaranteed upset-sale entry/payoff status; phone/email intentionally blank pending lawful provider/manual skip trace. Removed from human-first call lane due to entity/trust/estate/company owner name.,Entity/trust/estate owner: verify signer/registered agent or keep out of personal-call lane.,,,,parcel owner name + mailing address anchor,unknown
PA-YORK-UPSET-VACANT-0029,PA,York,taxClaimPdf+countyArcGIS,82-000-06-0056.00-00000,8200006005600,A L W MINISTRIES INC,249 N MAIN ST,"6830 CANNERY CT, SPRING GROVE PA 17362",R,100,0.158,,,,All Public,25940.0,,25940.0,11-SEP-2003,15000.0,016,82,,1183,https://yorkcountypa.gov/DocumentCenter/View/1911/Delinquent-Tax-Claim-Listing-PDF | https://arcweb1.ycpc.org/server/rest/services/OPEN_DATA/Parcels/MapServer/0,high,humanReview,Tax-claim + ArcGIS vacant/no-building candidate; not guaranteed upset-sale entry/payoff status; phone/email intentionally blank pending lawful provider/manual skip trace. Removed from human-first call lane due to entity/trust/estate/company owner name.,Entity/trust/estate owner: verify signer/registered agent or keep out of personal-call lane.,,,,parcel owner name + mailing address anchor,unknown
PA-YORK-UPSET-VACANT-0032,PA,York,taxClaimPdf+countyArcGIS,51-000-01-0026.00-00000,5100001002600,YORK FAIR ASSOC,WHITE ST,"334 CARLISLE AVE, YORK PA 17404-3204",C,300,0.303,,,,All Public,25740.0,,25740.0,,,026,51,,949,https://yorkcountypa.gov/DocumentCenter/View/1911/Delinquent-Tax-Claim-Listing-PDF | https://arcweb1.ycpc.org/server/rest/services/OPEN_DATA/Parcels/MapServer/0,high,humanReview,Tax-claim + ArcGIS vacant/no-building candidate; not guaranteed upset-sale entry/payoff status; phone/email intentionally blank pending lawful provider/manual skip trace. Removed from human-first call lane due to entity/trust/estate/company owner name.,Entity/trust/estate owner: verify signer/registered agent or keep out of personal-call lane.,,,,parcel owner name + mailing address anchor,unknown
PA-YORK-UPSET-VACANT-0041,PA,York,taxClaimPdf+countyArcGIS,43-000-02-0111.00-00000,4300002011100,NHSG LLC,61 W MIDVALE RD,"65 HOPEWELL RD, NEW PARK PA 17352-9380",R,100,0.597,,,,No Utilities,25080.0,,25080.0,16-JAN-2026,2500.0,018,43,,802,https://yorkcountypa.gov/DocumentCenter/View/1911/Delinquent-Tax-Claim-Listing-PDF | https://arcweb1.ycpc.org/server/rest/services/OPEN_DATA/Parcels/MapServer/0,high,humanReview,Tax-claim + ArcGIS vacant/no-building candidate; not guaranteed upset-sale entry/payoff status; phone/email intentionally blank pending lawful provider/manual skip trace. Removed from human-first call lane due to entity/trust/estate/company owner name.,Entity/trust/estate owner: verify signer/registered agent or keep out of personal-call lane.,,,,parcel owner name + mailing address anchor,unknown
PA-YORK-UPSET-VACANT-0049,PA,York,taxClaimPdf+countyArcGIS,34-000-02-0078.00-00000,3400002007800,GRID INVESTMENTS LLC,RIVERVIEW RD,"224 N GEORGE ST, YORK PA 17401-1108",R,100,0.493,,,,No Utilities,24810.0,,24810.0,28-JAN-2026,2547.0,016,34,,609,https://yorkcountypa.gov/DocumentCenter/View/1911/Delinquent-Tax-Claim-Listing-PDF | https://arcweb1.ycpc.org/server/rest/services/OPEN_DATA/Parcels/MapServer/0,high,humanReview,Tax-claim + ArcGIS vacant/no-building candidate; not guaranteed upset-sale entry/payoff status; phone/email intentionally blank pending lawful provider/manual skip trace. Removed from human-first call lane due to entity/trust/estate/company owner name.,Entity/trust/estate owner: verify signer/registered agent or keep out of personal-call lane.,,,,parcel owner name + mailing address anchor,unknown
PA-YORK-UPSET-VACANT-0050,PA,York,taxClaimPdf+countyArcGIS,08-167-02-0001.00-00000,0816702000100,450 MANOR HOLDINGS LLC,450 MANOR ST,"212 FRONT ST, YORK PA 17404-2710",C,300,0.177,,,,All Public,24770.0,,24770.0,25-APR-2016,1.0,028,08,,94,https://yorkcountypa.gov/DocumentCenter/View/1911/Delinquent-Tax-Claim-Listing-PDF | https://arcweb1.ycpc.org/server/rest/services/OPEN_DATA/Parcels/MapServer/0,high,humanReview,Tax-claim + ArcGIS vacant/no-building candidate; not guaranteed upset-sale entry/payoff status; phone/email intentionally blank pending lawful provider/manual skip trace. Removed from human-first call lane due to entity/trust/estate/company owner name.,Entity/trust/estate owner: verify signer/registered agent or keep out of personal-call lane.,,,,parcel owner name + mailing address anchor,unknown
PA-YORK-UPSET-VACANT-0057,PA,York,taxClaimPdf+countyArcGIS,39-000-01-0264.00-00000,3900001026400,CONSTELLATION ENERGY GEN LLC,CONEWAGO AVE,"PO BOX 5461, CHICAGO IL 60680-5461",R,100,0.087,,,,All Public,22920.0,,22920.0,,,012,39,,725,https://yorkcountypa.gov/DocumentCenter/View/1911/Delinquent-Tax-Claim-Listing-PDF | https://arcweb1.ycpc.org/server/rest/services/OPEN_DATA/Parcels/MapServer/0,high,humanReview,Tax-claim + ArcGIS vacant/no-building candidate; not guaranteed upset-sale entry/payoff status; phone/email intentionally blank pending lawful provider/manual skip trace. Removed from human-first call lane due to entity/trust/estate/company owner name.,Entity/trust/estate owner: verify signer/registered agent or keep out of personal-call lane.,,,,parcel owner name + mailing address anchor,unknown
PA-YORK-UPSET-VACANT-0060,PA,York,taxClaimPdf+countyArcGIS,82-000-05-0425.00-00000,8200005042500,COLON SERVICE CO & 360 PAINTING OF YORK INC ET AL,728 WALLICK LN,"728 W WLALICK LN, RED LION PA 17356",I,500,0.193,,,,All Public,21320.0,,21320.0,18-OCT-2022,290000.0,016,82,,1183,https://yorkcountypa.gov/DocumentCenter/View/1911/Delinquent-Tax-Claim-Listing-PDF | https://arcweb1.ycpc.org/server/rest/services/OPEN_DATA/Parcels/MapServer/0,high,humanReview,Tax-claim + ArcGIS vacant/no-building candidate; not guaranteed upset-sale entry/payoff status; phone/email intentionally blank pending lawful provider/manual skip trace. Removed from human-first call lane due to entity/trust/estate/company owner name.,Entity/trust/estate owner: verify signer/registered agent or keep out of personal-call lane.,,,,parcel owner name + mailing address anchor,unknown
PA-YORK-UPSET-VACANT-0063,PA,York,taxClaimPdf+countyArcGIS,51-000-17-0054.00-00000,5100017005400,SC SEPTIC SERVICES LLC,LOCUST ST,"1279 W LOCUST ST, YORK PA 17404",R,100,0.085,,,,No Utilities,19840.0,,19840.0,29-DEC-2022,75000.0,026,51,,962,https://yorkcountypa.gov/DocumentCenter/View/1911/Delinquent-Tax-Claim-Listing-PDF | https://arcweb1.ycpc.org/server/rest/services/OPEN_DATA/Parcels/MapServer/0,high,humanReview,Tax-claim + ArcGIS vacant/no-building candidate; not guaranteed upset-sale entry/payoff status; phone/email intentionally blank pending lawful provider/manual skip trace. Removed from human-first call lane due to entity/trust/estate/company owner name.,Entity/trust/estate owner: verify signer/registered agent or keep out of personal-call lane.,,,,parcel owner name + mailing address anchor,unknown
PA-YORK-UPSET-VACANT-0071,PA,York,taxClaimPdf+countyArcGIS,08-146-06-0015.00-00000,0814606001500,ANASCO ACQUISITIONS LLC,24 W JACKSON ST,"2016 DERRY RD, YORK PA 17408-4212",R,100,0.098,,,,All Public,14780.0,,14780.0,02-NOV-2022,20000.0,028,08,,80,https://yorkcountypa.gov/DocumentCenter/View/1911/Delinquent-Tax-Claim-Listing-PDF | https://arcweb1.ycpc.org/server/rest/services/OPEN_DATA/Parcels/MapServer/0,high,humanReview,Tax-claim + ArcGIS vacant/no-building candidate; not guaranteed upset-sale entry/payoff status; phone/email intentionally blank pending lawful provider/manual skip trace. Removed from human-first call lane due to entity/trust/estate/company owner name.,Entity/trust/estate owner: verify signer/registered agent or keep out of personal-call lane.,,,,parcel owner name + mailing address anchor,unknown
PA-YORK-UPSET-VACANT-0072,PA,York,taxClaimPdf+countyArcGIS,12-368-06-0021.00-00000,1236806002100,MK YORK PROPERTIES LLC,E PHILADELPHIA    REAR ST,"208 GREYSTONE RD, YORK PA 17402-3012",C,300,0.103,,,,All Public,14630.0,,14630.0,26-AUG-2021,85000.0,028,12,,211,https://yorkcountypa.gov/DocumentCenter/View/1911/Delinquent-Tax-Claim-Listing-PDF | https://arcweb1.ycpc.org/server/rest/services/OPEN_DATA/Parcels/MapServer/0,high,humanReview,Tax-claim + ArcGIS vacant/no-building candidate; not guaranteed upset-sale entry/payoff status; phone/email intentionally blank pending lawful provider/manual skip trace. Removed from human-first call lane due to entity/trust/estate/company owner name.,Entity/trust/estate owner: verify signer/registered agent or keep out of personal-call lane.,,,,parcel owner name + mailing address anchor,unknown
PA-YORK-UPSET-VACANT-0074,PA,York,taxClaimPdf+countyArcGIS,39-000-03-0020.00-00000,3900003002000,JL REAL ESTATE INVESTMENTS LLC,CLY RD,"PO BOX 238, SCHAEFFERSTOWN PA 17088-0238",R,100,0.893,,,,No Utilities,12830.0,,12830.0,09-OCT-2020,90000.0,012,39,,731,https://yorkcountypa.gov/DocumentCenter/View/1911/Delinquent-Tax-Claim-Listing-PDF | https://arcweb1.ycpc.org/server/rest/services/OPEN_DATA/Parcels/MapServer/0,high,humanReview,Tax-claim + ArcGIS vacant/no-building candidate; not guaranteed upset-sale entry/payoff status; phone/email intentionally blank pending lawful provider/manual skip trace. Removed from human-first call lane due to entity/trust/estate/company owner name.,Entity/trust/estate owner: verify signer/registered agent or keep out of personal-call lane.,,,,parcel owner name + mailing address anchor,unknown
PA-YORK-UPSET-VACANT-0075,PA,York,taxClaimPdf+countyArcGIS,82-000-05-0426.00-00000,8200005042600,COLON SERVICE CO & 360 PAINTING OF YORK INC ET AL,728 WALLICK LN,"728 W WALLICK LN, RED LION PA 17356",I,500,0.113,,,,All Public,12740.0,,12740.0,18-OCT-2022,290000.0,016,82,,1183,https://yorkcountypa.gov/DocumentCenter/View/1911/Delinquent-Tax-Claim-Listing-PDF | https://arcweb1.ycpc.org/server/rest/services/OPEN_DATA/Parcels/MapServer/0,high,humanReview,Tax-claim + ArcGIS vacant/no-building candidate; not guaranteed upset-sale entry/payoff status; phone/email intentionally blank pending lawful provider/manual skip trace. Removed from human-first call lane due to entity/trust/estate/company owner name.,Entity/trust/estate owner: verify signer/registered agent or keep out of personal-call lane.,,,,parcel owner name + mailing address anchor,unknown
PA-YORK-UPSET-VACANT-0080,PA,York,taxClaimPdf+countyArcGIS,12-415-17-0025.00-00000,1241517002500,UNITED CANAL LLC,951 ELM ST,"33 GREAT NECK RD   STE 2, GREAT NECK NY 11021-3335",I,500,0.331,,,,All Public,11250.0,,11250.0,14-JUN-2023,1.0,028,12,,245,https://yorkcountypa.gov/DocumentCenter/View/1911/Delinquent-Tax-Claim-Listing-PDF | https://arcweb1.ycpc.org/server/rest/services/OPEN_DATA/Parcels/MapServer/0,high,humanReview,Tax-claim + ArcGIS vacant/no-building candidate; not guaranteed upset-sale entry/payoff status; phone/email intentionally blank pending lawful provider/manual skip trace. Removed from human-first call lane due to entity/trust/estate/company owner name.,Entity/trust/estate owner: verify signer/registered agent or keep out of personal-call lane.,,,,parcel owner name + mailing address anchor,unknown
PA-YORK-UPSET-VACANT-0082,PA,York,taxClaimPdf+countyArcGIS,32-000-05-0112.00-00000,3200005011200,TRI CORNER BRIDGEVIEW LLC,18803 VALLEY RD,"3405 N 6TH ST, HARRISBURG PA 17110",U,700,0.104,,,,No Utilities,7560.0,,7560.0,,,018,32,,569,https://yorkcountypa.gov/DocumentCenter/View/1911/Delinquent-Tax-Claim-Listing-PDF | https://arcweb1.ycpc.org/server/rest/services/OPEN_DATA/Parcels/MapServer/0,high,humanReview,Tax-claim + ArcGIS vacant/no-building candidate; not guaranteed upset-sale entry/payoff status; phone/email intentionally blank pending lawful provider/manual skip trace. Removed from human-first call lane due to entity/trust/estate/company owner name.,Entity/trust/estate owner: verify signer/registered agent or keep out of personal-call lane.,,,,parcel owner name + mailing address anchor,unknown
PA-YORK-UPSET-VACANT-0083,PA,York,taxClaimPdf+countyArcGIS,13-448-03-0014.00-00000,1344803001400,DISTRESSED INDUSTRIES INC,534 N PERSHING AVE,"515 CHESTNUT ST, COLUMBIA PA 17512-1231",R,100,0.085,,,,All Public,7340.0,,7340.0,08-APR-2026,45000.0,028,13,,268,https://yorkcountypa.gov/DocumentCenter/View/1911/Delinquent-Tax-Claim-Listing-PDF | https://arcweb1.ycpc.org/server/rest/services/OPEN_DATA/Parcels/MapServer/0,high,humanReview,Tax-claim + ArcGIS vacant/no-building candidate; not guaranteed upset-sale entry/payoff status; phone/email intentionally blank pending lawful provider/manual skip trace. Removed from human-first call lane due to entity/trust/estate/company owner name.,Entity/trust/estate owner: verify signer/registered agent or keep out of personal-call lane.,,,,parcel owner name + mailing address anchor,unknown
PA-YORK-UPSET-VACANT-0085,PA,York,taxClaimPdf+countyArcGIS,43-000-02-0255.00-00000,4300002025500,LEVENTRY REAL ESTATE LLC,HIGHVIEW DR,"2235 BLOSSOM VALLEY RD, LANCASTER PA 17601-3901",R,100,0.491,,,,No Utilities,6200.0,,6200.0,10-MAR-2026,8500.0,018,43,,803,https://yorkcountypa.gov/DocumentCenter/View/1911/Delinquent-Tax-Claim-Listing-PDF | https://arcweb1.ycpc.org/server/rest/services/OPEN_DATA/Parcels/MapServer/0,high,humanReview,Tax-claim + ArcGIS vacant/no-building candidate; not guaranteed upset-sale entry/payoff status; phone/email intentionally blank pending lawful provider/manual skip trace. Removed from human-first call lane due to entity/trust/estate/company owner name.,Entity/trust/estate owner: verify signer/registered agent or keep out of personal-call lane.,,,,parcel owner name + mailing address anchor,unknown
PA-YORK-UPSET-VACANT-0088,PA,York,taxClaimPdf+countyArcGIS,12-378-08-0013.00-00000,1237808001300,ANDERSON RIDGE LLC,26 RIDGE AVE,"52 RIDGE AVE, YORK PA 17403-1628",I,550,0.096,,,,All Public,5460.0,,5460.0,21-FEB-2023,500000.0,028,12,,224,https://yorkcountypa.gov/DocumentCenter/View/1911/Delinquent-Tax-Claim-Listing-PDF | https://arcweb1.ycpc.org/server/rest/services/OPEN_DATA/Parcels/MapServer/0,high,humanReview,Tax-claim + ArcGIS vacant/no-building candidate; not guaranteed upset-sale entry/payoff status; phone/email intentionally blank pending lawful provider/manual skip trace. Removed from human-first call lane due to entity/trust/estate/company owner name.,Entity/trust/estate owner: verify signer/registered agent or keep out of personal-call lane.,,,,parcel owner name + mailing address anchor,unknown
PA-YORK-UPSET-VACANT-0090,PA,York,taxClaimPdf+countyArcGIS,12-365-05-0013.00-00000,1236505001300,RECOIL INC C/O S&S STMNT SRV-TAX D. FL 3,280 N EAST ST,"100 PARK AVE, FLORHAM PARK NJ 07932",I,500,0.123,,,,All Public,5240.0,,5240.0,28-JAN-1997,153400.0,028,12,,209,https://yorkcountypa.gov/DocumentCenter/View/1911/Delinquent-Tax-Claim-Listing-PDF | https://arcweb1.ycpc.org/server/rest/services/OPEN_DATA/Parcels/MapServer/0,high,humanReview,Tax-claim + ArcGIS vacant/no-building candidate; not guaranteed upset-sale entry/payoff status; phone/email intentionally blank pending lawful provider/manual skip trace. Removed from human-first call lane due to entity/trust/estate/company owner name.,Entity/trust/estate owner: verify signer/registered agent or keep out of personal-call lane.,,,,parcel owner name + mailing address anchor,unknown
PA-YORK-UPSET-VACANT-0093,PA,York,taxClaimPdf+countyArcGIS,48-000-34-0089.00-00000,4800034008900,BROOKSIDE THISTLE PROPERTIES LLC,INDIAN ROCK DAM RD,"290 SEAKS RUN RD, GLEN ROCK PA 17327-9594",C,300,0.42,,,,All Public,4760.0,,4760.0,10-MAR-2016,1651600.0,030,48,,925,https://yorkcountypa.gov/DocumentCenter/View/1911/Delinquent-Tax-Claim-Listing-PDF | https://arcweb1.ycpc.org/server/rest/services/OPEN_DATA/Parcels/MapServer/0,high,humanReview,Tax-claim + ArcGIS vacant/no-building candidate; not guaranteed upset-sale entry/payoff status; phone/email intentionally blank pending lawful provider/manual skip trace. Removed from human-first call lane due to entity/trust/estate/company owner name.,Entity/trust/estate owner: verify signer/registered agent or keep out of personal-call lane.,,,,parcel owner name + mailing address anchor,unknown
PA-YORK-UPSET-VACANT-0098,PA,York,taxClaimPdf+countyArcGIS,43-000-02-0014.00-00000,4300002001400,PAUL BOLLER REVOCABLE TRUST & BOLLER PAUL REVOCABLE TRUST,HILLVIEW RD,"313 BRENHAM PASS, HYE TX 78635",R,100,0.634,,,,No Utilities,3520.0,,3520.0,27-JUN-2023,1.0,018,43,,801,https://yorkcountypa.gov/DocumentCenter/View/1911/Delinquent-Tax-Claim-Listing-PDF | https://arcweb1.ycpc.org/server/rest/services/OPEN_DATA/Parcels/MapServer/0,high,humanReview,Tax-claim + ArcGIS vacant/no-building candidate; not guaranteed upset-sale entry/payoff status; phone/email intentionally blank pending lawful provider/manual skip trace. Removed from human-first call lane due to entity/trust/estate/company owner name.,Entity/trust/estate owner: verify signer/registered agent or keep out of personal-call lane.,,,,parcel owner name + mailing address anchor,unknown
PA-YORK-UPSET-VACANT-0105,PA,York,taxClaimPdf+countyArcGIS,20-000-02-0018.00-00000,2000002001800,ECIPROPERTIES LP,113 LOCUST WAY,"124 W CHURCH ST, DILLSBURG PA 17019-1232",R,100,0.352,,,,No Utilities,2760.0,,2760.0,16-JUN-2025,65000.0,014,20,,316,https://yorkcountypa.gov/DocumentCenter/View/1911/Delinquent-Tax-Claim-Listing-PDF | https://arcweb1.ycpc.org/server/rest/services/OPEN_DATA/Parcels/MapServer/0,high,humanReview,Tax-claim + ArcGIS vacant/no-building candidate; not guaranteed upset-sale entry/payoff status; phone/email intentionally blank pending lawful provider/manual skip trace. Removed from human-first call lane due to entity/trust/estate/company owner name.,Entity/trust/estate owner: verify signer/registered agent or keep out of personal-call lane.,,,,parcel owner name + mailing address anchor,unknown
PA-YORK-UPSET-VACANT-0112,PA,York,taxClaimPdf+countyArcGIS,08-179-01-0002.00-00000,0817901000200,SPG CAPITAL LLC,702 JESSOP PL,"218 CARLISLE ST, HANOVER PA 17331-2409",R,100,0.135,,,,All Public,2040.0,,2040.0,15-MAR-2021,1.0,028,08,,99,https://yorkcountypa.gov/DocumentCenter/View/1911/Delinquent-Tax-Claim-Listing-PDF | https://arcweb1.ycpc.org/server/rest/services/OPEN_DATA/Parcels/MapServer/0,high,humanReview,Tax-claim + ArcGIS vacant/no-building candidate; not guaranteed upset-sale entry/payoff status; phone/email intentionally blank pending lawful provider/manual skip trace. Removed from human-first call lane due to entity/trust/estate/company owner name.,Entity/trust/estate owner: verify signer/registered agent or keep out of personal-call lane.,,,,parcel owner name + mailing address anchor,unknown
PA-YORK-UPSET-VACANT-0123,PA,York,taxClaimPdf+countyArcGIS,09-194-02-0084.00-00000,0919402008400,LOCKWOOD PROPERTY HOLDINGS LLC,652 W MASON AVE,"16 BALTHASER RD, SINKING SPRING PA 19608-9334",R,130,0.116,,,,All Public,1610.0,,1610.0,02-AUG-2018,265000.0,028,09,,107,https://yorkcountypa.gov/DocumentCenter/View/1911/Delinquent-Tax-Claim-Listing-PDF | https://arcweb1.ycpc.org/server/rest/services/OPEN_DATA/Parcels/MapServer/0,high,humanReview,Tax-claim + ArcGIS vacant/no-building candidate; not guaranteed upset-sale entry/payoff status; phone/email intentionally blank pending lawful provider/manual skip trace. Removed from human-first call lane due to entity/trust/estate/company owner name.,Entity/trust/estate owner: verify signer/registered agent or keep out of personal-call lane.,,,,parcel owner name + mailing address anchor,unknown
PA-YORK-UPSET-VACANT-0124,PA,York,taxClaimPdf+countyArcGIS,12-416-14-0044.00-00000,1241614004400,J & J HOLDINGS CAPITAL LLC,389 LEXINGTON ST,"3311 FENTON AVE, BRONX NY 10469-2805",R,100,0.09,,,,All Public,1570.0,,1570.0,28-JAN-2026,1553.0,028,12,,246,https://yorkcountypa.gov/DocumentCenter/View/1911/Delinquent-Tax-Claim-Listing-PDF | https://arcweb1.ycpc.org/server/rest/services/OPEN_DATA/Parcels/MapServer/0,high,humanReview,Tax-claim + ArcGIS vacant/no-building candidate; not guaranteed upset-sale entry/payoff status; phone/email intentionally blank pending lawful provider/manual skip trace. Removed from human-first call lane due to entity/trust/estate/company owner name.,Entity/trust/estate owner: verify signer/registered agent or keep out of personal-call lane.,,,,parcel owner name + mailing address anchor,unknown
PA-YORK-UPSET-VACANT-0132,PA,York,taxClaimPdf+countyArcGIS,39-000-01-0037.00-00000,3900001003700,LUCKY NUMBER SEVEN LLC,SECOND   REAR AVE,"PO BOX 7182, LANCASTER PA 17604-7182",R,100,0.258,,,,No Utilities,1240.0,,1240.0,16-SEP-2021,508.0,012,39,,722,https://yorkcountypa.gov/DocumentCenter/View/1911/Delinquent-Tax-Claim-Listing-PDF | https://arcweb1.ycpc.org/server/rest/services/OPEN_DATA/Parcels/MapServer/0,high,humanReview,Tax-claim + ArcGIS vacant/no-building candidate; not guaranteed upset-sale entry/payoff status; phone/email intentionally blank pending lawful provider/manual skip trace. Removed from human-first call lane due to entity/trust/estate/company owner name.,Entity/trust/estate owner: verify signer/registered agent or keep out of personal-call lane.,,,,parcel owner name + mailing address anchor,unknown
PA-YORK-UPSET-VACANT-0133,PA,York,taxClaimPdf+countyArcGIS,62-000-01-0059.00-00000,6200001005900,MFB SEVEN LAND TRUST,MAIN ST,"915 N PLUM ST, LANCASTER PA 17602-1937",R,125,0.325,,,,Gas,1150.0,,1150.0,20-JAN-2023,1150.0,016,62,,1086,https://yorkcountypa.gov/DocumentCenter/View/1911/Delinquent-Tax-Claim-Listing-PDF | https://arcweb1.ycpc.org/server/rest/services/OPEN_DATA/Parcels/MapServer/0,high,humanReview,Tax-claim + ArcGIS vacant/no-building candidate; not guaranteed upset-sale entry/payoff status; phone/email intentionally blank pending lawful provider/manual skip trace. Removed from human-first call lane due to entity/trust/estate/company owner name.,Entity/trust/estate owner: verify signer/registered agent or keep out of personal-call lane.,,,,parcel owner name + mailing address anchor,unknown
PA-YORK-UPSET-VACANT-0138,PA,York,taxClaimPdf+countyArcGIS,27-000-01-0047.00-00000,2700001004700,ANTHRACITE PROPERTY MANAGEMENT,HESS ALY,"34 CHARISMA DR, CAMP HILL PA 17011-1004",R,100,0.091,,,,No Utilities,830.0,,830.0,27-APR-2022,2500.0,17F,27,,470,https://yorkcountypa.gov/DocumentCenter/View/1911/Delinquent-Tax-Claim-Listing-PDF | https://arcweb1.ycpc.org/server/rest/services/OPEN_DATA/Parcels/MapServer/0,high,humanReview,Tax-claim + ArcGIS vacant/no-building candidate; not guaranteed upset-sale entry/payoff status; phone/email intentionally blank pending lawful provider/manual skip trace. Removed from human-first call lane due to entity/trust/estate/company owner name.,Entity/trust/estate owner: verify signer/registered agent or keep out of personal-call lane.,,,,parcel owner name + mailing address anchor,unknown
PA-YORK-UPSET-VACANT-0152,PA,York,taxClaimPdf+countyArcGIS,12-382-10-0004.00-00000,1238210000400,MOVEMENT YORK INC,678 E MARKET ST,"275 S ALBEMARLE ST, YORK PA 17403-1851",E,624,0.104,,,,All Public,,,,18-FEB-2022,1.0,028,12,,227,https://yorkcountypa.gov/DocumentCenter/View/1911/Delinquent-Tax-Claim-Listing-PDF | https://arcweb1.ycpc.org/server/rest/services/OPEN_DATA/Parcels/MapServer/0,high,humanReview,Tax-claim + ArcGIS vacant/no-building candidate; not guaranteed upset-sale entry/payoff status; phone/email intentionally blank pending lawful provider/manual skip trace. Removed from human-first call lane due to entity/trust/estate/company owner name.,Entity/trust/estate owner: verify signer/registered agent or keep out of personal-call lane.,,,,parcel owner name + mailing address anchor,unknown
PA-YORK-UPSET-VACANT-0153,PA,York,taxClaimPdf+countyArcGIS,67-000-04-0525.00-00000,6700004052500,LAND OF THE LIVING INC,114 LOCUST ST,"200 E MIDDLE ST, HANOVER PA 17331-2527",E,622,0.134,,,,All Public,,,,30-AUG-2022,285000.0,010,67,,1109,https://yorkcountypa.gov/DocumentCenter/View/1911/Delinquent-Tax-Claim-Listing-PDF | https://arcweb1.ycpc.org/server/rest/services/OPEN_DATA/Parcels/MapServer/0,high,humanReview,Tax-claim + ArcGIS vacant/no-building candidate; not guaranteed upset-sale entry/payoff status; phone/email intentionally blank pending lawful provider/manual skip trace. Removed from human-first call lane due to entity/trust/estate/company owner name.,Entity/trust/estate owner: verify signer/registered agent or keep out of personal-call lane.,,,,parcel owner name + mailing address anchor,unknown
PA-YORK-UPSET-VACANT-0154,PA,York,taxClaimPdf+countyArcGIS,08-158-04-0019.00-00000,0815804001900,IGLESIA ARCA DE SALVACION PENTECOSTAL INC,747 S PERSHING AVE,"629 S PERSHING AVE, YORK PA 17401-2206",E,622,0.145,,,,All Public,,,,17-SEP-2024,10000.0,028,08,,89,https://yorkcountypa.gov/DocumentCenter/View/1911/Delinquent-Tax-Claim-Listing-PDF | https://arcweb1.ycpc.org/server/rest/services/OPEN_DATA/Parcels/MapServer/0,high,humanReview,Tax-claim + ArcGIS vacant/no-building candidate; not guaranteed upset-sale entry/payoff status; phone/email intentionally blank pending lawful provider/manual skip trace. Removed from human-first call lane due to entity/trust/estate/company owner name.,Entity/trust/estate owner: verify signer/registered agent or keep out of personal-call lane.,,,,parcel owner name + mailing address anchor,unknown
PA-YORK-UPSET-VACANT-0158,PA,York,taxClaimPdf+countyArcGIS,14-536-13-0017.00-00000,1453613001700,CASA INC & CASA IN PENNSYLVANIA INC,907 ROOSEVELT AVE,"8151 15TH AVE, HYATTSVILLE MD 20783-3501",E,624,0.562,,,,All Public,,,,08-APR-2022,450000.0,028,14,,295,https://yorkcountypa.gov/DocumentCenter/View/1911/Delinquent-Tax-Claim-Listing-PDF | https://arcweb1.ycpc.org/server/rest/services/OPEN_DATA/Parcels/MapServer/0,high,humanReview,Tax-claim + ArcGIS vacant/no-building candidate; not guaranteed upset-sale entry/payoff status; phone/email intentionally blank pending lawful provider/manual skip trace. Removed from human-first call lane due to entity/trust/estate/company owner name.,Entity/trust/estate owner: verify signer/registered agent or keep out of personal-call lane.,,,,parcel owner name + mailing address anchor,unknown
PA-YORK-UPSET-VACANT-0160,PA,York,taxClaimPdf+countyArcGIS,11-331-04-0001.00-00000,1133104000100,120 NORTH RICHLAND LLC,120 N RICHLAND AVE,"29 E PHILADELPHIA ST, YORK PA 17401-1124",I,515,1.85,,,,All Public,150070.0,,150070.0,10-MAR-2021,1.0,028,11,,197,https://yorkcountypa.gov/DocumentCenter/View/1911/Delinquent-Tax-Claim-Listing-PDF | https://arcweb1.ycpc.org/server/rest/services/OPEN_DATA/Parcels/MapServer/0,high,humanReview,Tax-claim + ArcGIS vacant/no-building candidate; not guaranteed upset-sale entry/payoff status; phone/email intentionally blank pending lawful provider/manual skip trace. Removed from human-first call lane due to entity/trust/estate/company owner name.,Entity/trust/estate owner: verify signer/registered agent or keep out of personal-call lane.,,,,parcel owner name + mailing address anchor,unknown
PA-YORK-UPSET-VACANT-0164,PA,York,taxClaimPdf+countyArcGIS,53-000-24-0106.00-00000,5300024010600,PA NATIONAL MORTGAGE HOLDINGS LLC,SUNSET CIR,"PO BOX 7182, LANCASTER PA 17604-7182",R,126,1.936,,,,All Public,29760.0,,29760.0,28-JAN-2026,7558.0,016,53,,1000,https://yorkcountypa.gov/DocumentCenter/View/1911/Delinquent-Tax-Claim-Listing-PDF | https://arcweb1.ycpc.org/server/rest/services/OPEN_DATA/Parcels/MapServer/0,high,humanReview,Tax-claim + ArcGIS vacant/no-building candidate; not guaranteed upset-sale entry/payoff status; phone/email intentionally blank pending lawful provider/manual skip trace. Removed from human-first call lane due to entity/trust/estate/company owner name.,Entity/trust/estate owner: verify signer/registered agent or keep out of personal-call lane.,,,,parcel owner name + mailing address anchor,unknown
PA-YORK-UPSET-VACANT-0168,PA,York,taxClaimPdf+countyArcGIS,33-000-08-0032.00-00000,3300008003200,FORKER KEIRA A-TR & FORKER IRREVOCABLE RESIDENTIAL,OAKWOOD      OFF DR,"280 DUNKLEBERGER RD, WILLIAMSPORT PA 17701-9292",R,100,3.22,,,,No Utilities,19320.0,,19320.0,29-NOV-2023,1.0,024,33,,578,https://yorkcountypa.gov/DocumentCenter/View/1911/Delinquent-Tax-Claim-Listing-PDF | https://arcweb1.ycpc.org/server/rest/services/OPEN_DATA/Parcels/MapServer/0,high,humanReview,Tax-claim + ArcGIS vacant/no-building candidate; not guaranteed upset-sale entry/payoff status; phone/email intentionally blank pending lawful provider/manual skip trace. Removed from human-first call lane due to entity/trust/estate/company owner name.,Entity/trust/estate owner: verify signer/registered agent or keep out of personal-call lane.,,,,parcel owner name + mailing address anchor,unknown
PA-YORK-UPSET-VACANT-0171,PA,York,taxClaimPdf+countyArcGIS,23-000-11-0024.00-00000,2300011002400,U S HOME LLC,POWDER RIDGE LN,"7035 ALBERT EINSTEIN DR STE 200, COLUMBIA MD 21046",F,900,30.86,,,,No Utilities,119610.0,,119610.0,,,012,23,,369,https://yorkcountypa.gov/DocumentCenter/View/1911/Delinquent-Tax-Claim-Listing-PDF | https://arcweb1.ycpc.org/server/rest/services/OPEN_DATA/Parcels/MapServer/0,medium,humanReview,Tax-claim + ArcGIS vacant/no-building candidate; not guaranteed upset-sale entry/payoff status; phone/email intentionally blank pending lawful provider/manual skip trace. Removed from human-first call lane due to entity/trust/estate/company owner name.,Entity/trust/estate owner: verify signer/registered agent or keep out of personal-call lane.,,,,parcel owner name + mailing address anchor,unknown
PA-YORK-UPSET-VACANT-0172,PA,York,taxClaimPdf+countyArcGIS,48-000-01-0008.00-00000,4800001000800,LOUCKS MILL RE LP,LOUCKS MILL RD,"1001 LOUCKS MILL RD, YORK PA 17402",I,500,5.206,,,,All Public,88990.0,,88990.0,04-FEB-2013,280000.0,030,48,,908,https://yorkcountypa.gov/DocumentCenter/View/1911/Delinquent-Tax-Claim-Listing-PDF | https://arcweb1.ycpc.org/server/rest/services/OPEN_DATA/Parcels/MapServer/0,medium,humanReview,Tax-claim + ArcGIS vacant/no-building candidate; not guaranteed upset-sale entry/payoff status; phone/email intentionally blank pending lawful provider/manual skip trace. Removed from human-first call lane due to entity/trust/estate/company owner name.,Entity/trust/estate owner: verify signer/registered agent or keep out of personal-call lane.,,,,parcel owner name + mailing address anchor,unknown
PA-YORK-UPSET-VACANT-0173,PA,York,taxClaimPdf+countyArcGIS,54-000-18-0123.00-00000,5400018012300,HEARTLAND BUILDERS INC,ISAAC CT,"3024 COLUMBIA AVE   STE 2, LANCASTER PA 17603-4011",R,197,5.68,,,,No Utilities,72070.0,,72070.0,06-JAN-2023,499000.0,004,54,,1024,https://yorkcountypa.gov/DocumentCenter/View/1911/Delinquent-Tax-Claim-Listing-PDF | https://arcweb1.ycpc.org/server/rest/services/OPEN_DATA/Parcels/MapServer/0,medium,humanReview,Tax-claim + ArcGIS vacant/no-building candidate; not guaranteed upset-sale entry/payoff status; phone/email intentionally blank pending lawful provider/manual skip trace. Removed from human-first call lane due to entity/trust/estate/company owner name.,Entity/trust/estate owner: verify signer/registered agent or keep out of personal-call lane.,,,,parcel owner name + mailing address anchor,unknown
PA-YORK-UPSET-VACANT-0177,PA,York,taxClaimPdf+countyArcGIS,88-000-09-0024.00-00000,8800009002400,1400 WEST MARKET LLC,5 S HIGHLAND AVE,"2442 CROLLSCHOOL RD, YORK PA 17403",R,100,0.031,,,,All Public,20390.0,,20390.0,26-AUG-2016,5500.0,026,88,,1211,https://yorkcountypa.gov/DocumentCenter/View/1911/Delinquent-Tax-Claim-Listing-PDF | https://arcweb1.ycpc.org/server/rest/services/OPEN_DATA/Parcels/MapServer/0,medium,humanReview,Tax-claim + ArcGIS vacant/no-building candidate; not guaranteed upset-sale entry/payoff status; phone/email intentionally blank pending lawful provider/manual skip trace. Removed from human-first call lane due to entity/trust/estate/company owner name.,Entity/trust/estate owner: verify signer/registered agent or keep out of personal-call lane.,,,,parcel owner name + mailing address anchor,unknown
PA-YORK-UPSET-VACANT-0178,PA,York,taxClaimPdf+countyArcGIS,09-217-07-0050.00-00000,0921707005000,YORK HABITAT FOR HUMANITY INC,961 W COLLEGE AVE,"33 S SEWARD ST, YORK PA 17404-5448",C,300,0.076,,,,All Public,20030.0,,20030.0,21-APR-2026,20000.0,028,09,,133,https://yorkcountypa.gov/DocumentCenter/View/1911/Delinquent-Tax-Claim-Listing-PDF | https://arcweb1.ycpc.org/server/rest/services/OPEN_DATA/Parcels/MapServer/0,medium,humanReview,Tax-claim + ArcGIS vacant/no-building candidate; not guaranteed upset-sale entry/payoff status; phone/email intentionally blank pending lawful provider/manual skip trace. Removed from human-first call lane due to entity/trust/estate/company owner name.,Entity/trust/estate owner: verify signer/registered agent or keep out of personal-call lane.,,,,parcel owner name + mailing address anchor,unknown
PA-YORK-UPSET-VACANT-0180,PA,York,taxClaimPdf+countyArcGIS,88-000-09-0025.00-00000,8800009002500,1400 MARKET STREET LLC,3 S HIGHLAND AVE,"2442 CROLLSCHOOL RD, YORK PA 17403",C,300,0.048,,,,All Public,15020.0,,15020.0,02-MAY-2016,6000.0,026,88,,1211,https://yorkcountypa.gov/DocumentCenter/View/1911/Delinquent-Tax-Claim-Listing-PDF | https://arcweb1.ycpc.org/server/rest/services/OPEN_DATA/Parcels/MapServer/0,medium,humanReview,Tax-claim + ArcGIS vacant/no-building candidate; not guaranteed upset-sale entry/payoff status; phone/email intentionally blank pending lawful provider/manual skip trace. Removed from human-first call lane due to entity/trust/estate/company owner name.,Entity/trust/estate owner: verify signer/registered agent or keep out of personal-call lane.,,,,parcel owner name + mailing address anchor,unknown
PA-YORK-UPSET-VACANT-0183,PA,York,taxClaimPdf+countyArcGIS,12-376-08-0036.00-00000,1237608003600,GARDEN FOODS INC ATTN GRAVES KATHLEEN J ESQ,622 WALLACE ST,"17731 MITCHELL N STE 200, IRVINE CA 92614-6029",R,100,0.076,,,,All Public,10330.0,,10330.0,25-MAY-2012,8500.0,028,12,,221,https://yorkcountypa.gov/DocumentCenter/View/1911/Delinquent-Tax-Claim-Listing-PDF | https://arcweb1.ycpc.org/server/rest/services/OPEN_DATA/Parcels/MapServer/0,medium,humanReview,Tax-claim + ArcGIS vacant/no-building candidate; not guaranteed upset-sale entry/payoff status; phone/email intentionally blank pending lawful provider/manual skip trace. Removed from human-first call lane due to entity/trust/estate/company owner name.,Entity/trust/estate owner: verify signer/registered agent or keep out of personal-call lane.,,,,parcel owner name + mailing address anchor,unknown
PA-YORK-UPSET-VACANT-0184,PA,York,taxClaimPdf+countyArcGIS,12-435-19-0005.00-00000,1243519000500,FINE DESIGN RENTALS & REAL ESTATE LLC,512 E BOUNDARY AVE,"504 E BOUNDARY AVE, YORK PA 17403-2813",R,100,0.046,,,,All Public,9800.0,,9800.0,22-AUG-2023,6000.0,028,12,,260,https://yorkcountypa.gov/DocumentCenter/View/1911/Delinquent-Tax-Claim-Listing-PDF | https://arcweb1.ycpc.org/server/rest/services/OPEN_DATA/Parcels/MapServer/0,medium,humanReview,Tax-claim + ArcGIS vacant/no-building candidate; not guaranteed upset-sale entry/payoff status; phone/email intentionally blank pending lawful provider/manual skip trace. Removed from human-first call lane due to entity/trust/estate/company owner name.,Entity/trust/estate owner: verify signer/registered agent or keep out of personal-call lane.,,,,parcel owner name + mailing address anchor,unknown
PA-YORK-UPSET-VACANT-0186,PA,York,taxClaimPdf+countyArcGIS,10-271-04-0027.00-00000,1027104002700,RAZIEL PROPERTIES LLC,128 E JACKSON ST,"510 JUG RD, YORK PA 17404-9738",R,100,0.046,,,,All Public,9400.0,,9400.0,13-AUG-2025,30000.0,028,10,,175,https://yorkcountypa.gov/DocumentCenter/View/1911/Delinquent-Tax-Claim-Listing-PDF | https://arcweb1.ycpc.org/server/rest/services/OPEN_DATA/Parcels/MapServer/0,medium,humanReview,Tax-claim + ArcGIS vacant/no-building candidate; not guaranteed upset-sale entry/payoff status; phone/email intentionally blank pending lawful provider/manual skip trace. Removed from human-first call lane due to entity/trust/estate/company owner name.,Entity/trust/estate owner: verify signer/registered agent or keep out of personal-call lane.,,,,parcel owner name + mailing address anchor,unknown
PA-YORK-UPSET-VACANT-0192,PA,York,taxClaimPdf+countyArcGIS,10-254-01-0019.00-00000,1025401001900,CRISPUS ATTUCKS ASSN OF YORK PENNA INC,449 S DUKE ST,"605 S DUKE ST, YORK PA 17401-3199",R,100,0.037,,,,All Public,6760.0,,6760.0,16-JUN-2015,3331.0,028,10,,157,https://yorkcountypa.gov/DocumentCenter/View/1911/Delinquent-Tax-Claim-Listing-PDF | https://arcweb1.ycpc.org/server/rest/services/OPEN_DATA/Parcels/MapServer/0,medium,humanReview,Tax-claim + ArcGIS vacant/no-building candidate; not guaranteed upset-sale entry/payoff status; phone/email intentionally blank pending lawful provider/manual skip trace. Removed from human-first call lane due to entity/trust/estate/company owner name.,Entity/trust/estate owner: verify signer/registered agent or keep out of personal-call lane.,,,,parcel owner name + mailing address anchor,unknown
PA-YORK-UPSET-VACANT-0202,PA,York,taxClaimPdf+countyArcGIS,09-230-05-0093.00-00000,0923005009300,ANDREWS TOYBOX LLC,421 W HOPE AVE,"430 SHORT RD, THOMASVILLE PA 17364-9584",R,100,0.018,,,,All Public,4660.0,,4660.0,22-JUN-2026,1.0,028,09,,147,https://yorkcountypa.gov/DocumentCenter/View/1911/Delinquent-Tax-Claim-Listing-PDF | https://arcweb1.ycpc.org/server/rest/services/OPEN_DATA/Parcels/MapServer/0,medium,humanReview,Tax-claim + ArcGIS vacant/no-building candidate; not guaranteed upset-sale entry/payoff status; phone/email intentionally blank pending lawful provider/manual skip trace. Removed from human-first call lane due to entity/trust/estate/company owner name.,Entity/trust/estate owner: verify signer/registered agent or keep out of personal-call lane.,,,,parcel owner name + mailing address anchor,unknown
PA-YORK-UPSET-VACANT-0204,PA,York,taxClaimPdf+countyArcGIS,06-111-02-0001.00-00000,0611102000100,SPG CAPITAL LLC,E KING ST,"218 CARLISLE ST, HANOVER PA 17331-2546",R,100,0.045,,,,All Public,3670.0,,3670.0,27-SEP-2021,52500.0,028,06,,56,https://yorkcountypa.gov/DocumentCenter/View/1911/Delinquent-Tax-Claim-Listing-PDF | https://arcweb1.ycpc.org/server/rest/services/OPEN_DATA/Parcels/MapServer/0,medium,humanReview,Tax-claim + ArcGIS vacant/no-building candidate; not guaranteed upset-sale entry/payoff status; phone/email intentionally blank pending lawful provider/manual skip trace. Removed from human-first call lane due to entity/trust/estate/company owner name.,Entity/trust/estate owner: verify signer/registered agent or keep out of personal-call lane.,,,,parcel owner name + mailing address anchor,unknown
PA-YORK-UPSET-VACANT-0207,PA,York,taxClaimPdf+countyArcGIS,06-101-01-0043.00-00000,0610101004300,IGLESIA PENTECOSTAL CASA DEL ALFARERO A & O INC,233 E KING ST,"239 E KING ST, YORK PA 17403",R,100,0.047,,,,All Public,3310.0,,3310.0,11-SEP-2012,50000.0,028,06,,38,https://yorkcountypa.gov/DocumentCenter/View/1911/Delinquent-Tax-Claim-Listing-PDF | https://arcweb1.ycpc.org/server/rest/services/OPEN_DATA/Parcels/MapServer/0,medium,humanReview,Tax-claim + ArcGIS vacant/no-building candidate; not guaranteed upset-sale entry/payoff status; phone/email intentionally blank pending lawful provider/manual skip trace. Removed from human-first call lane due to entity/trust/estate/company owner name.,Entity/trust/estate owner: verify signer/registered agent or keep out of personal-call lane.,,,,parcel owner name + mailing address anchor,unknown
PA-YORK-UPSET-VACANT-0212,PA,York,taxClaimPdf+countyArcGIS,80-000-01-0008.00-00000,8000001000800,G H & M LLC,531 N GEORGE ST,"51 JEFFERSON AVE, YORK PA 17401-3027",R,100,0.061,,,,All Public,2140.0,,2140.0,09-JUL-2020,275000.0,002,80,,1163,https://yorkcountypa.gov/DocumentCenter/View/1911/Delinquent-Tax-Claim-Listing-PDF | https://arcweb1.ycpc.org/server/rest/services/OPEN_DATA/Parcels/MapServer/0,medium,humanReview,Tax-claim + ArcGIS vacant/no-building candidate; not guaranteed upset-sale entry/payoff status; phone/email intentionally blank pending lawful provider/manual skip trace. Removed from human-first call lane due to entity/trust/estate/company owner name.,Entity/trust/estate owner: verify signer/registered agent or keep out of personal-call lane.,,,,parcel owner name + mailing address anchor,unknown
PA-YORK-UPSET-VACANT-0217,PA,York,taxClaimPdf+countyArcGIS,13-449-01-0083.00-00000,1344901008300,LUU HOLDINGS LLC,225 FRONT  REAR ST,"460 GRAND ST APT 22F, NEW YORK NY 10002-4072",R,100,0.072,,,,All Public,1000.0,,1000.0,16-JUL-2025,195000.0,028,13,,275,https://yorkcountypa.gov/DocumentCenter/View/1911/Delinquent-Tax-Claim-Listing-PDF | https://arcweb1.ycpc.org/server/rest/services/OPEN_DATA/Parcels/MapServer/0,medium,humanReview,Tax-claim + ArcGIS vacant/no-building candidate; not guaranteed upset-sale entry/payoff status; phone/email intentionally blank pending lawful provider/manual skip trace. Removed from human-first call lane due to entity/trust/estate/company owner name.,Entity/trust/estate owner: verify signer/registered agent or keep out of personal-call lane.,,,,parcel owner name + mailing address anchor,unknown
PA-YORK-UPSET-VACANT-0222,PA,York,taxClaimPdf+countyArcGIS,09-194-02-0083.00-00000,0919402008300,PR&J PROPERTIES LLC,648 W MASON AVE,"14214 ROBCASTE RD, PHOENIX MD 21131-1452",R,100,0.044,,,,All Public,610.0,,610.0,24-FEB-2017,27000.0,028,09,,107,https://yorkcountypa.gov/DocumentCenter/View/1911/Delinquent-Tax-Claim-Listing-PDF | https://arcweb1.ycpc.org/server/rest/services/OPEN_DATA/Parcels/MapServer/0,medium,humanReview,Tax-claim + ArcGIS vacant/no-building candidate; not guaranteed upset-sale entry/payoff status; phone/email intentionally blank pending lawful provider/manual skip trace. Removed from human-first call lane due to entity/trust/estate/company owner name.,Entity/trust/estate owner: verify signer/registered agent or keep out of personal-call lane.,,,,parcel owner name + mailing address anchor,unknown
PA-YORK-UPSET-VACANT-0227,PA,York,taxClaimPdf+countyArcGIS,09-201-03-0075.00-00000,0920103007500,ELIRA REALTY LLC,473 W PRINCESS ST,"6126 RIVERDALE AVE UNIT 1, BRONX NY 10471-1009",R,100,0.021,,,,All Public,290.0,,290.0,02-MAR-2022,96000.0,028,09,,113,https://yorkcountypa.gov/DocumentCenter/View/1911/Delinquent-Tax-Claim-Listing-PDF | https://arcweb1.ycpc.org/server/rest/services/OPEN_DATA/Parcels/MapServer/0,medium,humanReview,Tax-claim + ArcGIS vacant/no-building candidate; not guaranteed upset-sale entry/payoff status; phone/email intentionally blank pending lawful provider/manual skip trace. Removed from human-first call lane due to entity/trust/estate/company owner name.,Entity/trust/estate owner: verify signer/registered agent or keep out of personal-call lane.,,,,parcel owner name + mailing address anchor,unknown
PA-YORK-UPSET-VACANT-0229,PA,York,taxClaimPdf+countyArcGIS,02-028-01-0038.00-00000,0202801003800,DEANS LIST REALTY LLC,222 E GAS AVE,"298 KINGS MILL RD, YORK PA 17401-2147",R,100,0.017,,,,All Public,260.0,,260.0,14-FEB-2025,732500.0,028,02,,16,https://yorkcountypa.gov/DocumentCenter/View/1911/Delinquent-Tax-Claim-Listing-PDF | https://arcweb1.ycpc.org/server/rest/services/OPEN_DATA/Parcels/MapServer/0,medium,humanReview,Tax-claim + ArcGIS vacant/no-building candidate; not guaranteed upset-sale entry/payoff status; phone/email intentionally blank pending lawful provider/manual skip trace. Removed from human-first call lane due to entity/trust/estate/company owner name.,Entity/trust/estate owner: verify signer/registered agent or keep out of personal-call lane.,,,,parcel owner name + mailing address anchor,unknown
PA-YORK-UPSET-VACANT-0234,PA,York,taxClaimPdf+countyArcGIS,12-398-15-0080.00-00000,1239815008000,JLMNEWBEGINNINGS LLC,966 E POPLAR ST,"1763 CANDLE LN, YORK PA 17404-7918",R,100,0.012,,,,All Public,200.0,,200.0,28-DEC-2023,1633.0,028,12,,240,https://yorkcountypa.gov/DocumentCenter/View/1911/Delinquent-Tax-Claim-Listing-PDF | https://arcweb1.ycpc.org/server/rest/services/OPEN_DATA/Parcels/MapServer/0,medium,humanReview,Tax-claim + ArcGIS vacant/no-building candidate; not guaranteed upset-sale entry/payoff status; phone/email intentionally blank pending lawful provider/manual skip trace. Removed from human-first call lane due to entity/trust/estate/company owner name.,Entity/trust/estate owner: verify signer/registered agent or keep out of personal-call lane.,,,,parcel owner name + mailing address anchor,unknown
PA-YORK-UPSET-VACANT-0238,PA,York,taxClaimPdf+countyArcGIS,09-229-06-0065.00-00000,0922906006500,DR EQUITIES LLC,462 W HOPE AVE,"198 PEYTON RD, YORK PA 17403-3735",R,100,0.011,,,,No Utilities,100.0,,100.0,03-JUL-2025,110000.0,028,09,,144,https://yorkcountypa.gov/DocumentCenter/View/1911/Delinquent-Tax-Claim-Listing-PDF | https://arcweb1.ycpc.org/server/rest/services/OPEN_DATA/Parcels/MapServer/0,medium,humanReview,Tax-claim + ArcGIS vacant/no-building candidate; not guaranteed upset-sale entry/payoff status; phone/email intentionally blank pending lawful provider/manual skip trace. Removed from human-first call lane due to entity/trust/estate/company owner name.,Entity/trust/estate owner: verify signer/registered agent or keep out of personal-call lane.,,,,parcel owner name + mailing address anchor,unknown
PA-YORK-UPSET-VACANT-0241,PA,York,taxClaimPdf+countyArcGIS,67-000-18-0255.00-00000,6700018025500,236 RAILROAD LLC,N RAILROAD ST,"53 MARIETTA AVE, MOUNT JOY PA 17552",C,300,0.015,,,,,510.0,,510.0,18-OCT-2023,1.0,010,67,,1133,https://yorkcountypa.gov/DocumentCenter/View/1911/Delinquent-Tax-Claim-Listing-PDF | https://arcweb1.ycpc.org/server/rest/services/OPEN_DATA/Parcels/MapServer/0,review,humanReview,Tax-claim + ArcGIS vacant/no-building candidate; not guaranteed upset-sale entry/payoff status; phone/email intentionally blank pending lawful provider/manual skip trace. Removed from human-first call lane due to entity/trust/estate/company owner name.,Entity/trust/estate owner: verify signer/registered agent or keep out of personal-call lane.,,,,parcel owner name + mailing address anchor,unknown
